Potential_E_V,b_raw,b_smooth,fit_R2
0.05447058610147789,-0.376145703372033,-0.2568693059737035,0.10300614503353889
0.05538978708421772,-0.14638989091528576,-0.1550048000368699,0.030858835878310065
0.056308988066957555,-0.008520051834911134,-0.06253386068528918,0.00016770332816362643
0.057228189049697384,0.0774685944970239,0.02102650814988516,0.018211282460749545
0.05814739003243722,0.13681310432940266,0.09615930253749938,0.0679014789037109
0.05906659101517705,0.19707534465230966,0.1633475185464,0.1614386787789579
0.05998579199791688,0.24123468067626402,0.22307415224543348,0.25620793991543966
0.060904992980656714,0.2855963211851437,0.27582219970344624,0.3672805369552262
0.06182419396339654,0.3221212521724843,0.3220746569892845,0.4652140759464555
0.06274339494613637,0.3513786546264242,0.3623145201717948,0.5464276964777854
0.06366259592887621,0.37751514658903557,0.39702478531982355,0.617406614733511
0.06458179691161603,0.40180629631974113,0.4266884485022173,0.6776711435552082
0.06550099789435587,0.42436673996560353,0.45178850578782215,0.7242517051187425
0.06642019887709572,0.44630853385514346,0.47280795324548475,0.7701025875414204
0.06733939985983553,0.4705081245646371,0.4902297869440515,0.8076793730032645
0.06825860084257537,0.48552128137924455,0.5045370029523515,0.8342949540712518
0.06917780182531519,0.5003202012589725,0.5118229563565955,0.8560259986490899
0.07009700280805503,0.5147779948498385,0.5226034896007138,0.8770386151515315
0.07101620379079487,0.5259770842702757,0.5346154855276987,0.8896180932456195
0.07193540477353469,0.5423087586374732,0.5464144391459408,0.9079198489271167
0.07285460575627453,0.5554132719127531,0.5572453031751238,0.9192492472939818
0.07377380673901437,0.5659321175502766,0.5677577737824995,0.9277570221881103
0.07469300772175419,0.5748555575097536,0.5775582313452511,0.9352310064411159
0.07561220870449403,0.5833041151379802,0.5870536917187456,0.9425015152036247
0.07653140968723385,0.5935624324743175,0.5961371721031107,0.949788042332512
0.07745061066997369,0.6054713727247072,0.6045762188514648,0.9559198024964078
0.07836981165271353,0.6122937201085046,0.6124423702878106,0.9599259892402086
0.07928901263545335,0.6187207163552282,0.6198160828635556,0.9637822930146557
0.08020821361819319,0.62603768693985,0.62675788429419,0.9674603332840248
0.081127414600933,0.6323201650300425,0.6333521549677673,0.9703939107952546
0.08204661558367285,0.6394826575334447,0.6397947366526754,0.9735178092626746
0.08296581656641269,0.6460954048413207,0.6457792361841734,0.9754512873398821
0.08388501754915251,0.651466194465671,0.6514612144293688,0.9779828714757334
0.08480421853189235,0.6551079125882131,0.6567936335129502,0.9803682048311702
0.08572341951463217,0.6599254249284197,0.6616335264188061,0.9822747255862694
0.08664262049737201,0.6666387211815972,0.6663318381112285,0.9841641659222233
0.08756182148011185,0.6709645917746058,0.6707842297318063,0.9851546519594048
0.08848102246285167,0.6756132206411781,0.6750735715176517,0.9868133524192307
0.08940022344559151,0.6785622489676059,0.679122741589244,0.9877819914450928
0.09031942442833132,0.6816715069935468,0.6827867290646494,0.9890193139490602
0.09123862541107117,0.6866759555505715,0.6862389854638654,0.9901042584569969
0.09215782639381101,0.6904472529395299,0.6896893847661583,0.9905686490095076
0.09307702737655082,0.693419327288873,0.6929789199162938,0.991085387476731
0.09399622835929067,0.6957514625511186,0.696091442889331,0.992018871088061
0.09491542934203051,0.6979924705575556,0.6989938073104428,0.9927090203081292
0.09583463032477033,0.7016163349562577,0.7017502793228303,0.9931625216609001
0.09675383130751017,0.7049394260272411,0.7043808574601934,0.9938416265249577
0.09767303229024998,0.7057733758186538,0.7070153239556511,0.994502290790028
0.09859223327298983,0.7081894653990525,0.7095412657171813,0.9945498087169864
0.09951143425572967,0.711263202685794,0.7116850725757145,0.9950456388297313
0.10043063523846948,0.7137662807575174,0.7137345801205638,0.9954023160280399
0.10134983622120933,0.7173190657383471,0.7157443452682766,0.9959020603919893
0.10226903720394914,0.7176520476941853,0.717705522391685,0.99620699514143
0.10318823818668899,0.718065004173992,0.7196471137230551,0.9964247604653692
0.10410743916942883,0.7213908931785654,0.7214110132983936,0.9969461857043367
0.10502664015216864,0.7240866948990939,0.7229639756244752,0.9970973890645776
0.10594584113490849,0.7256820077116959,0.7244797154482281,0.9971598395687536
0.1068650421176483,0.7263164708837768,0.7260151926514367,0.9975317305850444
0.10778424310038814,0.7268363378961303,0.7275081476046154,0.9978202757849718
0.10870344408312799,0.7293824800167861,0.7289380663979252,0.9979287573167656
0.1096226450658678,0.7301538841055806,0.7301861653866945,0.998026804725938
0.11054184604860764,0.7319374486205724,0.7313425242191549,0.9982740117069754
0.11146104703134746,0.7309384204483086,0.7325021622910395,0.9983418533858891
0.1123802480140873,0.7310147891147253,0.7335288908833782,0.9984964456475499
0.11329944899682715,0.7354865898944104,0.7344844372699364,0.9986458147818247
0.11421864997956696,0.7356899745907913,0.7354148471358375,0.9986047841980007
0.1151378509623068,0.737234775473097,0.7363027353237444,0.9987085235235512
0.11605705194504665,0.7371100520322351,0.7372086606230198,0.9988988242527036
0.11697625292778646,0.7366995835731354,0.7379438709775901,0.9990567953314388
0.1178954539105263,0.7379050885345981,0.7385281674588121,0.9991041406403461
0.11881465489326612,0.7402662038603124,0.7391868784998151,0.9991027895836674
0.11973385587600596,0.741660072034307,0.7398529556590006,0.9991184563425981
0.1206530568587458,0.741051043292585,0.7405564611008075,0.9992123534448123
0.12157225784148562,0.7408150073773473,0.7411265708079594,0.9993252827134234
0.12249145882422546,0.7400715462969246,0.7415499047688212,0.999408280646911
0.12341065980696528,0.7416102840647231,0.742022067756694,0.9994325423493671
0.12432986078970512,0.7432344091591884,0.7424654100140012,0.9994291653925753
0.12524906177244496,0.743106999741737,0.7429169667569536,0.9994988793925178
0.12616826275518478,0.7431372674257801,0.7432134089642283,0.9994758972593701
0.12708746373792462,0.7432598361048484,0.7433630526704696,0.999567621856625
0.12800666472066446,0.7432749735184818,0.7436876336901497,0.9996251795588939
0.12892586570340428,0.7433158249013486,0.7439440914165527,0.9996581876205959
0.12984506668614412,0.7435754775946269,0.7441720401376876,0.9996797432501852
0.13076426766888397,0.744792330550016,0.7443436328793451,0.9996729030951681
0.13168346865162378,0.7455605985201237,0.7444326550637725,0.9996436309236342
0.13260266963436362,0.7446392510159939,0.7444487179014988,0.9996999678962322
0.13352187061710344,0.7448257444645965,0.7444888597664602,0.9997746053543956
0.13444107159984328,0.7433489527754591,0.7446023457631793,0.9998018829539608
0.13536027258258312,0.7443153713868548,0.7446829941160661,0.9997892872340824
0.13627947356532294,0.7456171943353345,0.744724538869417,0.999785917244975
0.13719867454806278,0.7451873870181067,0.7446538477298692,0.9997724802561184
0.1381178755308026,0.7446152970440266,0.7445658274495859,0.9998113458498045
0.13903707651354244,0.7442596117605494,0.7445060638702041,0.9998352654201685
0.13995627749628228,0.7442788669790373,0.744444917072708,0.9998502442753567
0.1408754784790221,0.7448788884210621,0.7444277282832958,0.9998677970737968
0.14179467946176194,0.7436325833113064,0.744361246968818,0.9998316459451247
0.14271388044450176,0.7434393245359098,0.744161895060849,0.9998443386007122
0.1436330814272416,0.7439477032099778,0.7439123337912334,0.9998693231163106
0.14455228240998144,0.7434459566045555,0.7436263781534397,0.9998960629015883
0.14547148339272126,0.7427926609874796,0.7434431800019903,0.9998895891756978
0.1463906843754611,0.7435819802030743,0.7433195634731812,0.9998842290012687
0.14730988535820094,0.7442262594316021,0.7431074202913275,0.999883370944886
0.14822908634094076,0.7433839064666599,0.7428477589268357,0.9999117547629961
0.1491482873236806,0.7425283833592947,0.7424547400978428,0.9999208105049067
0.15006748830642042,0.74174535797196,0.742071443537498,0.9999160750341521
0.15098668928916026,0.7416305141697321,0.741787371641431,0.9999125285414544
0.1519058902719001,0.74199141851078,0.741529840243319,0.9998995240960052
0.15282509125463992,0.7420758132082884,0.7411728690916586,0.9998902474027778
0.15374429223737976,0.7411427321058611,0.7407921777424837,0.9998874034953176
0.15466349322011957,0.7389666562099386,0.7403746050453239,0.9999186870903062
0.15558269420285942,0.7384729478505805,0.7400024632613488,0.9999426386800937
0.15650189518559926,0.7398427291731142,0.7396207253332094,0.9999297244818531
0.15742109616833908,0.7398479131128545,0.7392250636324497,0.9999050139861348
0.15834029715107892,0.739921928721615,0.7387879798529509,0.99992188888744
0.15925949813381873,0.7381466111609637,0.7382832390891982,0.9999339559352471
0.16017869911655858,0.7367535722197651,0.7377692919648693,0.9999325028072411
0.16109790009929842,0.7366117628837128,0.7373396812455812,0.9999425358246443
0.16201710108203823,0.7367937259164372,0.7369516426843399,0.9999268497872419
0.16293630206477808,0.7371067052943882,0.7365121349800788,0.9999031191003076
0.1638555030475179,0.7370200715296348,0.7360485275892218,0.9999133243463958
0.16477470403025773,0.7357324335592691,0.7355534278582176,0.9999283264311268
0.16569390501299758,0.7340713360349062,0.7350894159312669,0.999949128187854
0.1666131059957374,0.7347576976140088,0.7346315764169244,0.9999408370781334
0.16753230697847724,0.7341851932691834,0.7341886351130719,0.9999188184830694
0.16845150796121708,0.7343451200355228,0.7337192810424076,0.9999242276826696
0.1693707089439569,0.7336157231018183,0.7331661482484124,0.9999244281763797
0.17028990992669674,0.7319034488936198,0.7325657369113331,0.9999425022994367
0.17120911090943655,0.7309110428166326,0.7319870622598565,0.9999326005541823
0.1721283118921764,0.7314138439402154,0.7314316698147797,0.999933399538684
0.17304751287491624,0.731854645458317,0.7309254130852872,0.9999217219758498
0.17396671385765605,0.7309245834538682,0.7303745012010594,0.9999252835246013
0.1748859148403959,0.7293972871044345,0.7297208621687632,0.9999427805127024
0.1758051158231357,0.7287788298708268,0.7290859042032306,0.9999463129047628
0.17672431680587555,0.7287627407912286,0.7284705209963891,0.999945864477345
0.1776435177886154,0.728094208695324,0.727874547475181,0.9999133582012883
0.1785627187713552,0.7274795937472831,0.7272793966312889,0.999944200220155
0.17948191975409505,0.7260817724285892,0.726628714625887,0.9999324695663868
0.18040112073683487,0.7257536736173898,0.7259288011681468,0.9999257883956709
0.1813203217195747,0.7252434343647731,0.7252852288155542,0.9999245169489297
0.18223952270231455,0.7245855059820226,0.7246017124867522,0.9999348608137
0.18315872368505437,0.7234077196088871,0.7239325800634197,0.9999248516940664
0.1840779246677942,0.722768353481706,0.723242147158255,0.9999250862055546
0.18499712565053403,0.7229771290129801,0.7224871898225181,0.9999190895432042
0.18591632663327387,0.7222807555960564,0.721684118569624,0.9999257202430168
0.1868355276160137,0.7212185851845563,0.7208763287871357,0.9999331846792633
0.18775472859875353,0.719968955289053,0.720128165498525,0.9999236812191544
0.18867392958149337,0.7199548967004396,0.7193673461474688,0.9999209627886596
0.18959313056423321,0.7185891647376594,0.718594575227058,0.9998900745633923
0.19051233154697303,0.7175174122318995,0.7178193424284504,0.9999119337895958
0.19143153252971287,0.7167658034346883,0.7170225621591902,0.9999214293110948
0.1923507335124527,0.716248296634523,0.7161812469514666,0.9999038639168396
0.19326993449519253,0.7157248679481324,0.7153674456039694,0.9998964643587159
0.19418913547793237,0.7143333399773037,0.7145199491320449,0.9999028986245926
0.1951083364606722,0.7129347690136036,0.7136471447519962,0.9999134649935549
0.19602753744341203,0.7124075680440026,0.712720603095117,0.9999098430386448
0.19694673842615185,0.711685705399421,0.7118078316560495,0.999914165994372
0.1978659394088917,0.7109477501329962,0.7108875453662774,0.9999062512700497
0.19878514039163153,0.7099026215088629,0.709978897780573,0.9999115947830244
0.19970434137437135,0.7089416635479898,0.7090476807016619,0.9999136800616857
0.2006235423571112,0.708785130756402,0.7080895815107727,0.9999010941277604
0.201542743339851,0.7076652211360107,0.7071427193318387,0.9998857474553648
0.20246194432259085,0.7067482185370405,0.706159846313536,0.9999009846325014
0.2033811453053307,0.7048791308048891,0.7052058520314748,0.9998986687623925
0.2043003462880705,0.7033419574039448,0.7041932623922724,0.9998869464518393
0.20521954727081035,0.7029055523145805,0.7031254590377829,0.9998899895759497
0.20613874825355016,0.7025916541848672,0.7020750092187138,0.9998875485850618
0.20705794923629,0.700850430463614,0.701033179863212,0.9998862765321473
0.20797715021902985,0.6992743631817796,0.6999925369992368,0.999879537808106
0.20889635120176966,0.6984970508360717,0.6988468928031322,0.9998828955981355
0.2098155521845095,0.6984098486824734,0.6976964370236636,0.9998719112347553
0.21073475316724935,0.6969071224459601,0.6965815570748094,0.9998847976862869
0.21165395414998917,0.6950613668481801,0.6954047983075953,0.9998660191916781
0.212573155132729,0.693036938287233,0.694195293200928,0.9998514396554383
0.21349235611546882,0.6927329981709256,0.6929329950918311,0.9998408543670027
0.21441155709820867,0.6919919884113478,0.6916427522128343,0.9998315805731628
0.2153307580809485,0.6900143312354012,0.6903966371734377,0.9998381297018601
0.21624995906368832,0.688536522568456,0.6891470272104087,0.9998437447544284
0.21716916004642817,0.6869184031625528,0.6879178211620361,0.9998232740716914
0.21808836102916798,0.6857537810295092,0.6866871525909513,0.9998337758757215
0.21900756201190782,0.684755736165738,0.6854647868054021,0.9998343219273895
0.21992676299464767,0.6824492707271667,0.6843544876203158,0.9998254463605967
0.22084596397738748,0.6803567372797977,0.68342932245355,0.9998056428950644
0.22176516496012733,0.6783246760652322,0.6824808339274685,0.999796586801078
0.22268436594286714,0.677625099268751,0.6815149837380494,0.9997676318694855
0.22360356692560698,0.6745812703136844,0.6803913341688747,0.9997365400341505
0.22452276790834683,0.6710064325641478,0.6788998036205522,0.9996681513967828
0.22544196889108664,0.6689900164337605,0.6766534660918981,0.9996796271919679
0.22636116987382648,0.6662479959555333,0.6732544997110333,0.9996621166307733
0.22728037085656633,0.6633422279350633,0.6683477657063623,0.9996177979312306
0.22819957183930614,0.6595859932309227,0.661734237066994,0.9995631441310743
0.22911877282204599,0.6546005672083468,0.653140357156669,0.9995450410671098
0.2300379738047858,0.648815459225011,0.6423287674303367,0.9995176324709798
0.23095717478752564,0.6415419648321062,0.6292086889226371,0.999400778814359
0.23187637577026549,0.6319646599533161,0.6137967386316677,0.9992470681588046
0.2327955767530053,0.6200341251739454,0.5962083242555262,0.9991297064919803
0.23371477773574514,0.6040075170234684,0.5765993393727734,0.9989386341375536
0.23463397871848496,0.5825212438727653,0.555091482173873,0.9985731792207702
0.2355531797012248,0.5587748300945897,0.5319440819462573,0.9982692723541919
0.23647238068396464,0.5288803122333189,0.5075251574884792,0.997857777670029
0.23739158166670446,0.4956924197639962,0.4822387451509155,0.9975363883555841
0.2383107826494443,0.46060326699553944,0.4563335082434502,0.9970953988480853
0.23922998363218412,0.42541050097374206,0.4301692727661385,0.9967579617112305
0.24014918461492396,0.39211129636580067,0.4042524552111657,0.9967632685129253
0.2410683855976638,0.3612597854842338,0.37899390605009853,0.9968346669726322
0.24198758658040362,0.33325402101297824,0.3548409301768072,0.9970323628367552
0.24290678756314346,0.30935365325748726,0.33220847789606756,0.9974172549526816
0.24382598854588328,0.2895430620737324,0.3114794491321281,0.9977725564607047
0.24474518952862312,0.27417991521968227,0.2930438797568962,0.9981260823505557
0.24566439051136296,0.2619945470577303,0.2772583762429911,0.9981445298105223
0.24658359149410278,0.2528211080376881,0.26441641653816217,0.9977789455421444
0.24750279247684262,0.24679728847789986,0.25475314041341457,0.9967652674570714
0.24842199345958246,0.24410770079808303,0.24834598242732242,0.9954569310411329
0.24934119444232228,0.24428642836356004,0.24512120153710973,0.9941475247189105
0.2502603954250621,0.2455948362275129,0.24507764667796614,0.9921788129897499
0.25117959640780196,0.249285363349347,0.2479303418772508,0.9897451466761175
0.25209879739054175,0.25537204250865797,0.25343442888753526,0.9875129456814248
0.2530179983732816,0.2634476842577848,0.2613197614660202,0.9851764691384481
0.25393719935602144,0.27309853275597473,0.27132603719847587,0.9829328765539047
0.2548564003387613,0.2844052617993075,0.2832612249874002,0.9808090939172242
0.2557756013215011,0.29726543099651404,0.29696705599548295,0.9786347012034072
0.25669480230424097,0.31166043954916345,0.3122645057609517,0.9765674324504021
0.25761400328698075,0.3276618318525585,0.3290247792076108,0.9747661520685884
0.2585332042697206,0.3453163665446377,0.34712639154300234,0.9730001900568628
0.25945240525246044,0.36423515218045643,0.3664803772378776,0.9712394739602185
0.2603716062352003,0.38409838895246895,0.3869301828205159,0.969517607927042
0.2612908072179401,0.4050146379997546,0.40831746155634885,0.9679127536190711
0.2622100082006799,0.42711151037792133,0.4304579826749024,0.9665366168859805
0.26312920918341975,0.45013499391035916,0.4530608582935827,0.9653684932679069
0.2640484101661596,0.47391112300114535,0.4760195179106139,0.9643820640323837
0.26496761114889944,0.4982347494988731,0.49935336858774465,0.9636338020489765
0.2658868121316393,0.5225997245672882,0.5226583845249316,0.963074574712323
0.26680601311437907,0.546886482694949,0.5457455711391828,0.9626931770161187
0.2677252140971189,0.571121024598169,0.5685580802899691,0.962553223440483
0.26864441507985876,0.594876880545101,0.5907843802911275,0.962729327696418
0.2695636160625986,0.6172322483846626,0.6121695024085283,0.9630799480100721
0.27048281704533844,0.6383319754314603,0.632517365023159,0.9637176915135243
0.27140201802807823,0.6580907338109347,0.6517697988734572,0.9647152315504535
0.27232121901081807,0.6762889195562768,0.6698255185061096,0.9660163953616974
0.2732404199935579,0.6926580781339515,0.6865371619269538,0.9674671712009109
0.27415962097629776,0.7073081266528353,0.7018332501449696,0.9691817929293451
0.2750788219590376,0.7199494874035695,0.7156638772388214,0.9710524279361835
0.2759980229417774,0.7312485788957312,0.7280096254190171,0.9730667540350603
0.27691722392451723,0.7443216817203433,0.7389070055335509,0.9765332579651324
0.2778364249072571,0.755597507655525,0.7484146347998358,0.9796602134842649
0.2787556258899969,0.759740770077149,0.7565942692882383,0.9802968004507088
0.27967482687273676,0.7664341053954887,0.7635459157149341,0.9820043617335344
0.28059402785547655,0.772268376630083,0.7694272401899944,0.9836512486414071
0.2815132288382164,0.7740552666932988,0.7743691751190764,0.9847104063986338
0.28243242982095623,0.776795468178305,0.778525997799706,0.9858747524010779
0.2833516308036961,0.7803582760446077,0.7820648824596905,0.9864821015980959
0.2842708317864359,0.7843047763623388,0.7851032465866239,0.9868233904679787
0.2851900327691757,0.7862092102444783,0.7877706109296705,0.9878263481308281
0.28610923375191555,0.7873346268912063,0.7902180492601032,0.9890874329568594
0.2870284347346554,0.7895501989005115,0.7925636995851064,0.9899126109527093
0.28794763571739523,0.7918978613945298,0.7948855178740797,0.9906465002544328
0.2888668367001351,0.7943515069217385,0.7973010952514606,0.9913106086894203
0.28978603768287486,0.7971483740829433,0.7998538232790788,0.99195136755471
0.2907052386656147,0.8000818657867409,0.8026033619871971,0.9925026739331138
0.29162443964835455,0.8032374414145966,0.805810509427359,0.9930475468360899
0.2925436406310944,0.8072261650059537,0.8095358321115029,0.9935477711949608
0.29346284161383424,0.8119256801606466,0.8135071965327112,0.993976368639457
0.2943820425965741,0.8161959195398988,0.8179078118970665,0.9943836122751823
0.29530124357931387,0.8208696712993399,0.8227535032396374,0.9947643821570449
0.2962204445620537,0.8260215157910684,0.8278461588716854,0.995082288741976
0.29713964554479355,0.8313806416104463,0.8332215841910278,0.9953553496563098
0.2980588465275334,0.8372347654595576,0.8389316157510979,0.995576751490895
0.29897804751027324,0.843549975189878,0.8449650438419198,0.9957575111805651
0.299897248493013,0.8497442077191601,0.8511799101121691,0.9958889983049539
0.30081644947575287,0.856092210817377,0.8574969773916216,0.9959362017963864
0.3017356504584927,0.8629565575995354,0.8638781902144054,0.9959232713138074
0.30265485144123255,0.8692566904988815,0.8702221134674512,0.9958667648356175
0.3035740524239724,0.8757337186900911,0.8764616665721479,0.9957062048468234
0.3044932534067122,0.8823647293438812,0.8825415350078842,0.9954259795598217
0.305412454389452,0.8882178896379009,0.8883205826672416,0.9950895118755434
0.30633165537219187,0.8937936955789245,0.8937332209495105,0.9946452433244773
0.3072508563549317,0.8991719674814763,0.8987033170058236,0.9940967365110019
0.30817005733767155,0.9038122120498167,0.9031491920193547,0.9934914255904811
0.30908925832041134,0.9078231341874115,0.9069441658277291,0.9927785458277014
0.3100084593031512,0.9114867731966928,0.9100305876662182,0.9919148249092754
0.310927660285891,0.9142914099148854,0.9123005908177428,0.9909671994047511
0.31184686126863087,0.9157003840890703,0.9137292844559806,0.9899962989346907
0.3127660622513707,0.9164771154628407,0.9142281334993909,0.9888786814872587
0.3136852632341105,0.9164376014845477,0.9137448371073873,0.9876760843360378
0.31460446421685034,0.914756034254956,0.912283689862665,0.9864908257906575
0.3155236651995902,0.9121569553170719,0.9097981245162879,0.985129246318114
0.31644286618233003,0.9090447814456215,0.9063069643867842,0.9836573136908079
0.31736206716506987,0.9045356811197158,0.9017929506067592,0.9821890413416791
0.31828126814780966,0.8983495251170048,0.8962521147375918,0.9806590376219081
0.3192004691305495,0.8920032460943108,0.8897529216403305,0.979073716122552
0.32011967011328935,0.8839944028260622,0.8823043451141169,0.9775066564321352
0.3210388710960292,0.8751492237243131,0.8739815622167092,0.9759130229423668
0.32195807207876903,0.8657486128376707,0.8648280310023684,0.9743008823037974
0.3228772730615088,0.855719965622154,0.8549051848404728,0.9726413098615806
0.32379647404424866,0.8444811833875304,0.8442947302556851,0.9711832369599882
0.3247156750269885,0.8334424236737852,0.8330850980509172,0.9696057530354169
0.32563487600972835,0.8208661005809105,0.8213707684934626,0.9682321696755426
0.3265540769924682,0.808633859135655,0.8091646975158835,0.9669213131884531
0.327473277975208,0.7965820931282344,0.7966101138776185,0.9656329180756257
0.3283924789579478,0.7832253400755144,0.7837948236963854,0.9645883819030578
0.32931167994068766,0.7701192441883227,0.7708663456205993,0.9636351167239422
0.3302308809234275,0.7568056367094241,0.7580182475395374,0.9628052640578737
0.33115008190616735,0.7432851887189751,0.7451008092346314,0.9622316344431006
0.33206928288890714,0.7304520518786264,0.7315906291628813,0.9615652728085861
0.332988483871647,0.7173158484818697,0.7181525396008559,0.9612376020461129
0.3339076848543868,0.7044679898681592,0.70497149667725,0.9609625567496329
0.33482688583712666,0.6912612618996287,0.6919214166952579,0.9610457121666709
0.3357460868198665,0.6787982731635088,0.6791442232763653,0.9607527642808907
0.33666528780260635,0.6665423236138474,0.6666528805701024,0.9610572138983852
0.33758448878534614,0.6543632679218715,0.6545153699607845,0.9615367627380763
0.338503689768086,0.6426749016800064,0.6426912809587475,0.9618906806699433
0.3394228907508258,0.6310556742202804,0.63126262590543,0.9624875061647219
0.34034209173356567,0.6208034612623123,0.6201919002655165,0.9630093562351619
0.3412612927163055,0.6100763463429142,0.6095288662665538,0.9635154631732809
0.3421804936990453,0.5998306843816689,0.5992991215414897,0.9642218294717866
0.34309969468178514,0.5875945374752094,0.5894231466827249,0.9621823369087079
0.344018895664525,0.572120588478345,0.5800053020976579,0.9538968387614831
0.3449380966472648,0.5610598939696426,0.5709708497772458,0.9491013273931475
0.34585729763000467,0.5639777620067813,0.5628439552420806,0.9678626850503353
0.34677649861274445,0.5561655403116441,0.5555223162691088,0.9678749022195554
0.3476956995954843,0.5467110307692465,0.5472105389926327,0.9682733448635185
0.34861490057822414,0.540502686403245,0.5390622874766109,0.9683691858275492
0.349534101560964,0.5327145045629916,0.5313234116989105,0.9685070539808311
0.3504533025437038,0.5259272501601137,0.523986870373214,0.9685480246782279
0.3513725035264436,0.5188062475230142,0.5170383161013047,0.9685760619790946
0.35229170450918346,0.5127484839016936,0.5104246260795869,0.96866174213793
0.3532109054919233,0.5065369148047922,0.5041469707110433,0.968576969207401
0.35413010647466314,0.5005804280159721,0.49818266464881833,0.9684380131263457
0.355049307457403,0.4947007942569345,0.492519878859867,0.9683673417092554
0.3559685084401428,0.48926476079475995,0.48714206439843966,0.968245620803558
0.3568877094228826,0.48485541229534945,0.48200019165845814,0.9682348590515052
0.35780691040562246,0.47881688187062765,0.47695873276267586,0.9679586252136774
0.3587261113883623,0.4741780477840961,0.4717558977575641,0.967877149333443
0.35964531237110214,0.45659373854115004,0.4664909713818781,0.9656445347829383
0.36056451335384193,0.4376373242971893,0.4619023599475833,0.9526854392751792
0.3614837143365818,0.45706858605687994,0.4575202369318944,0.9673557938561985
0.3624029153193216,0.4576116314749701,0.4537937042349399,0.9665076854617116
0.36332211630206146,0.4530531532463262,0.45080610351964323,0.9664176460736399
0.3642413172848013,0.44877877136189553,0.4482939086413127,0.9662263172613836
0.3651605182675411,0.4444155544439586,0.44384229393809776,0.9659269106672297
0.36607971925028093,0.4405788541470564,0.4385577349015293,0.9656344689899979
0.3669989202330208,0.43654290416022706,0.4335979002500921,0.9655219682994867
0.3679181212157606,0.4322290556797671,0.42892960293205584,0.9655160968221123
0.36883732219850046,0.42890661571640587,0.4245340404937351,0.9652615627097507
0.36975652318124025,0.4248751357944492,0.42039485745837885,0.9650806213598409
0.3706757241639801,0.4216303031362988,0.41650915016380285,0.9648593180346885
0.37159492514671993,0.4181750031635532,0.41292137126401957,0.9647908469737873
0.3725141261294598,0.4148045676109224,0.40954090173110647,0.9647949609785922
0.3734333271121996,0.41179445124501923,0.4063943739718194,0.9647130574854164
0.37435252809493946,0.4084187001768336,0.40274610210977,0.9646454536199437
0.37527172907767925,0.40531672470594776,0.3983016828938514,0.9643745074953785
0.3761909300604191,0.3885553783548644,0.39498112907157923,0.9720595673671795
0.37711013104315894,0.36813647491009704,0.3920634148643331,0.9735390760292288
0.3780293320258988,0.3460332363078424,0.389322415915766,0.9606865555559491
0.3789485330086386,0.377317617844436,0.38677773710790964,0.9730371946549066
0.3798677339913784,0.39420294059712746,0.3844099889732223,0.9615594365180131
0.38078693497411825,0.3911567210294507,0.3822429836500477,0.9620019307885483
0.3817061359568581,0.3882255313070671,0.3802465129161302,0.9622458001868259
0.38262533693959794,0.3855283929573824,0.37839271819438763,0.9623883861529431
0.3835445379223378,0.38286589084764144,0.3767263415343841,0.962579850623914
0.38446373890507757,0.38038046276822496,0.3751941784684181,0.962570247254558
0.3853829398878174,0.3778886169792055,0.37384488671686433,0.9624561187117303
0.38630214087055725,0.3753527892825038,0.372656165205295,0.9628607704717458
0.3872213418532971,0.37337725023697504,0.371621777271255,0.9629135501707943
0.38814054283603694,0.3713907905236058,0.370759468519139,0.963134762404187
0.3890597438187767,0.3693062104569747,0.3700398469248189,0.9633152685322713
0.38997894480151657,0.367148815607402,0.3694750057749926,0.9635085603752392
0.3908981457842564,0.3652637893112783,0.3682630276141122,0.9637519329500635
0.39181734676699626,0.3635996013886549,0.3659879459552043,0.9639324398336138
0.3927365477497361,0.3616780923720013,0.36224503033527966,0.9642534314960853
0.3936557487324759,0.35988601609168136,0.35969124577150263,0.964448161984435
0.39457494971521573,0.3579735519446476,0.3580182215165047,0.9647078833917725
0.39549415069795557,0.35636129116473175,0.35640630670373025,0.9651553617235875
0.3964133516806954,0.3548621729339514,0.3548691522245214,0.965531424583396
0.39733255266343526,0.35332952031195664,0.35340796743455305,0.9659188424041967
0.39825175364617504,0.35212100357085835,0.35200258355988984,0.9662191355714036
0.3991709546289149,0.35060577441023594,0.3506638668118621,0.9669102118990581
0.40009015561165473,0.34927502521729686,0.34937983387918264,0.9674189611113522
0.4010093565943946,0.34808330423490247,0.34815284775163097,0.9679076710478806
0.4019285575771344,0.3468589013626802,0.3469859393292618,0.9686791183788126
0.4028477585598742,0.3458279508932546,0.3459023422123278,0.9689975041889871
0.40376695954261405,0.34474002099632833,0.344881543171172,0.9698242301809533
0.4046861605253539,0.34420279641765034,0.34392399218138503,0.9707563180082988
0.40560536150809373,0.34323170579311746,0.343050687986062,0.9712956212465182
0.4065245624908336,0.34223861057641175,0.3422554279576719,0.9720946811166523
0.40744376347357336,0.3415749300358903,0.34152720897031064,0.9729781723889359
0.4083629644563132,0.34109657431170815,0.3408761332791829,0.9738063214182262
0.40928216543905305,0.3406134790060407,0.34028075913014383,0.9746372488637745
0.4102013664217929,0.3398543410737506,0.3397633615424933,0.9755596301148265
0.41112056740453273,0.3391716923475556,0.33932794654400605,0.9763608896066195
0.4120397683872725,0.33887963461986537,0.3389843294972098,0.9773567730288317
0.41295896937001236,0.33852301618932157,0.3387381974520364,0.9784395687156815
0.4138781703527522,0.338395362997635,0.33857673569145125,0.9795677843160243
0.41479737133549205,0.33812206631252234,0.33849280126272285,0.9806474579527744
0.4157165723182319,0.3383937014332811,0.33850110550837087,0.9815376939305768
0.41663577330097173,0.3382955011159652,0.33859694303259913,0.9826847072796097
0.4175549742837115,0.3385806515356392,0.3387681261580661,0.9834244333766695
0.41847417526645136,0.3388240410983879,0.3390083597228644,0.9845552957990518
0.4193933762491912,0.3388992511381067,0.3393367686481173,0.985610333765332
0.42031257723193105,0.33938912121028064,0.33973445044559514,0.9864376726928147
0.4212317782146709,0.33993943047772446,0.3401888854001598,0.9873542131437363
0.4221509791974107,0.3404344718170347,0.34069606076915604,0.9881069796689227
0.4230701801801505,0.3412693529110336,0.3412591741160068,0.988819373447879
0.42398938116289037,0.341976532133633,0.3418652357587534,0.989447473089262
0.4249085821456302,0.34275124167723503,0.34249767087388144,0.9899241019717819
0.42582778312837005,0.34326227893647093,0.34313492186574374,0.9903915472471696
0.42674698411110984,0.34394061428667655,0.34377787596708653,0.9908308713653066
0.4276661850938497,0.3445063507370206,0.34441293436066955,0.991080128358209
0.4285853860765895,0.34528871967029495,0.34503804370718255,0.9912895014727123
0.42950458705932937,0.34579369568524904,0.34563923670946206,0.9913855732708894
0.4304237880420692,0.3461623360705919,0.3462270937840099,0.9914307256733466
0.431342989024809,0.3467855902654246,0.3467569961411256,0.9914883956528683
0.43226219000754884,0.3473042091917668,0.34725853565261583,0.9915241751298363
0.4331813909902887,0.3478374445125734,0.3477176405340334,0.9913895824863126
0.4341005919730285,0.3481405395340183,0.3480932173907228,0.9912478595810432
0.43501979295576837,0.3483422434985795,0.3484005197994343,0.9911035387316176
0.43593899393850816,0.3486443949314991,0.34864139391513693,0.9909125440988383
0.436858194921248,0.34881259280934407,0.34880705677962126,0.9907569303877094
0.43777739590398784,0.34898217346679716,0.3489064728222666,0.9905521353820145
0.4386965968867277,0.3488482240777353,0.34892783924619725,0.9903698678414435
0.43961579786946753,0.3487825656815976,0.34886107063197275,0.9901742265723199
0.4405349988522073,0.3487126003106601,0.3486921242987915,0.9900976122587208
0.44145419983494716,0.3485042529500467,0.3484267537194142,0.9900246968867604
0.442373400817687,0.3482007649643178,0.3480573390209133,0.9898437924752894
0.44329260180042684,0.3476301235294991,0.3475879718218825,0.9896817427309127
0.4442118027831667,0.34699836392608197,0.34699999434813167,0.9895993498977179
0.4451310037659065,0.346592938339532,0.3462830462877108,0.9895982209148171
0.4460502047486463,0.34559980180672445,0.3454652114157879,0.9894465606940545
0.44696940573138616,0.3444485339572151,0.34453193188760733,0.9895045367220524
0.447888606714126,0.3435806597143309,0.3434803019911918,0.989541340301655
0.44880780769686585,0.3424962943888641,0.34230741601455106,0.9895422273316161
0.44972700867960563,0.34114698144273914,0.34101036824569514,0.98963508246903
0.4506462096623455,0.33960044752667223,0.3395862529726339,0.9897337302895342
0.4515654106450853,0.33792425783167596,0.3380321644833772,0.9896621728960184
0.45248461162782516,0.3361202977575842,0.336345197065935,0.9897944567430472
0.453403812610565,0.3343808217591299,0.3345224450083172,0.9900986045654577
0.45432301359330485,0.3324568958040182,0.33256100259853366,0.9902336748776204
0.45524221457604463,0.33035073886458677,0.3304579641245943,0.9903031220644167
0.4561614155587845,0.32806421578833106,0.328210423874509,0.9905068106686846
0.4570806165415243,0.325725397709914,0.3258154761362877,0.9907789587986745
0.45799981752426416,0.32334537988739015,0.32327021519794025,0.9910005368262104
0.458919018507004,0.32086639781479503,0.32057173534747657,0.9911455192779476
