gamma,beta,expected_energy
0.0,0.0,425.14115764870155
0.07853981633974483,0.0,425.14115764870155
0.15707963267948966,0.0,425.14115764870155
0.23561944901923448,0.0,425.14115764870155
0.3141592653589793,0.0,425.14115764870155
0.39269908169872414,0.0,425.14115764870155
0.47123889803846897,0.0,425.14115764870155
0.5497787143782138,0.0,425.14115764870155
0.6283185307179586,0.0,425.14115764870155
0.7068583470577035,0.0,425.14115764870155
0.7853981633974483,0.0,425.14115764870155
0.8639379797371931,0.0,425.14115764870155
0.9424777960769379,0.0,425.14115764870155
1.0210176124166828,0.0,425.1411576487015
1.0995574287564276,0.0,425.14115764870155
1.1780972450961724,0.0,425.14115764870155
1.2566370614359172,0.0,425.14115764870155
1.335176877775662,0.0,425.14115764870155
1.413716694115407,0.0,425.14115764870155
1.4922565104551517,0.0,425.14115764870155
1.5707963267948966,0.0,425.14115764870155
1.6493361431346414,0.0,425.14115764870155
1.7278759594743862,0.0,425.14115764870155
1.806415775814131,0.0,425.14115764870155
1.8849555921538759,0.0,425.14115764870155
1.9634954084936207,0.0,425.14115764870155
2.0420352248333655,0.0,425.14115764870155
2.1205750411731104,0.0,425.14115764870155
2.199114857512855,0.0,425.14115764870155
2.2776546738526,0.0,425.14115764870155
2.356194490192345,0.0,425.14115764870155
2.4347343065320897,0.0,425.14115764870155
2.5132741228718345,0.0,425.14115764870155
2.5918139392115793,0.0,425.14115764870155
2.670353755551324,0.0,425.14115764870155
2.748893571891069,0.0,425.14115764870155
2.827433388230814,0.0,425.14115764870155
2.9059732045705586,0.0,425.14115764870155
2.9845130209103035,0.0,425.14115764870155
3.0630528372500483,0.0,425.14115764870155
3.141592653589793,0.0,425.14115764870155
0.0,0.039269908169872414,425.1411576487013
0.07853981633974483,0.039269908169872414,423.5917355393802
0.15707963267948966,0.039269908169872414,420.3036966993637
0.23561944901923448,0.039269908169872414,428.8855759242241
0.3141592653589793,0.039269908169872414,427.07454955648814
0.39269908169872414,0.039269908169872414,425.5451660560625
0.47123889803846897,0.039269908169872414,430.36441667844997
0.5497787143782138,0.039269908169872414,421.12896342311774
0.6283185307179586,0.039269908169872414,426.62699339526483
0.7068583470577035,0.039269908169872414,423.1665895842146
0.7853981633974483,0.039269908169872414,421.74936195446867
0.8639379797371931,0.039269908169872414,425.0861777103156
0.9424777960769379,0.039269908169872414,425.27077681027015
1.0210176124166828,0.039269908169872414,422.87965368010407
1.0995574287564276,0.039269908169872414,426.51893524725017
1.1780972450961724,0.039269908169872414,421.7388483436107
1.2566370614359172,0.039269908169872414,424.5836190333897
1.335176877775662,0.039269908169872414,421.82908239898165
1.413716694115407,0.039269908169872414,423.0648245437617
1.4922565104551517,0.039269908169872414,424.92101085127564
1.5707963267948966,0.039269908169872414,421.0252714050034
1.6493361431346414,0.039269908169872414,431.9619084901747
1.7278759594743862,0.039269908169872414,422.42947805557253
1.806415775814131,0.039269908169872414,426.53590885720524
1.8849555921538759,0.039269908169872414,424.5329719498792
1.9634954084936207,0.039269908169872414,427.2803216564254
2.0420352248333655,0.039269908169872414,420.10308536141713
2.1205750411731104,0.039269908169872414,428.5922188727323
2.199114857512855,0.039269908169872414,426.2079623676539
2.2776546738526,0.039269908169872414,421.0999873779303
2.356194490192345,0.039269908169872414,427.0264855212729
2.4347343065320897,0.039269908169872414,425.94175002145823
2.5132741228718345,0.039269908169872414,429.219553475724
2.5918139392115793,0.039269908169872414,421.4013531143671
2.670353755551324,0.039269908169872414,424.294194354645
2.748893571891069,0.039269908169872414,427.3972953813979
2.827433388230814,0.039269908169872414,427.4155451167082
2.9059732045705586,0.039269908169872414,428.63066485026644
2.9845130209103035,0.039269908169872414,423.24867411205753
3.0630528372500483,0.039269908169872414,425.6265517114398
3.141592653589793,0.039269908169872414,433.43957577416234
0.0,0.07853981633974483,425.14115764870166
0.07853981633974483,0.07853981633974483,422.24733498772196
0.15707963267948966,0.07853981633974483,415.6621383768787
0.23561944901923448,0.07853981633974483,432.0042667103141
0.3141592653589793,0.07853981633974483,428.2151397111182
0.39269908169872414,0.07853981633974483,425.85915145200505
0.47123889803846897,0.07853981633974483,434.69409160745374
0.5497787143782138,0.07853981633974483,416.8113242746532
0.6283185307179586,0.07853981633974483,427.3206189735349
0.7068583470577035,0.07853981633974483,420.50113146513354
0.7853981633974483,0.07853981633974483,417.60113651004633
0.8639379797371931,0.07853981633974483,425.48414980310275
0.9424777960769379,0.07853981633974483,424.85768693499637
1.0210176124166828,0.07853981633974483,420.6053478395302
1.0995574287564276,0.07853981633974483,428.14110644719113
1.1780972450961724,0.07853981633974483,418.0685436332773
1.2566370614359172,0.07853981633974483,423.68685829225956
1.335176877775662,0.07853981633974483,417.62831339151705
1.413716694115407,0.07853981633974483,420.6823781255674
1.4922565104551517,0.07853981633974483,424.83528404565124
1.5707963267948966,0.07853981633974483,415.9342254869321
1.6493361431346414,0.07853981633974483,439.33490623066496
1.7278759594743862,0.07853981633974483,419.980402584185
1.806415775814131,0.07853981633974483,428.3235608144887
1.8849555921538759,0.07853981633974483,423.403315939673
1.9634954084936207,0.07853981633974483,428.91681525373264
2.0420352248333655,0.07853981633974483,415.29590007960087
2.1205750411731104,0.07853981633974483,432.1952026054353
2.199114857512855,0.07853981633974483,426.85019155293514
2.2776546738526,0.07853981633974483,417.288974720426
2.356194490192345,0.07853981633974483,429.1883827028258
2.4347343065320897,0.07853981633974483,426.39512739154594
2.5132741228718345,0.07853981633974483,433.4596308770824
2.5918139392115793,0.07853981633974483,418.564497006839
2.670353755551324,0.07853981633974483,423.4228535172178
2.748893571891069,0.07853981633974483,429.769341300998
2.827433388230814,0.07853981633974483,429.8856426920569
2.9059732045705586,0.07853981633974483,431.9683619752255
2.9845130209103035,0.07853981633974483,421.5773722224286
3.0630528372500483,0.07853981633974483,426.1421683561046
3.141592653589793,0.07853981633974483,441.61044176316136
0.0,0.11780972450961724,425.14115764870155
0.07853981633974483,0.11780972450961724,421.14105960512296
0.15707963267948966,0.11780972450961724,411.33077296048697
0.23561944901923448,0.11780972450961724,434.42043869408286
0.3141592653589793,0.11780972450961724,428.53484251229133
0.39269908169872414,0.11780972450961724,426.0753848559094
0.47123889803846897,0.11780972450961724,438.0235725069862
0.5497787143782138,0.11780972450961724,412.294556464819
0.6283185307179586,0.11780972450961724,427.20495653446346
0.7068583470577035,0.11780972450961724,417.210414819952
0.7853981633974483,0.11780972450961724,412.7985986491231
0.8639379797371931,0.11780972450961724,426.32527263365307
0.9424777960769379,0.11780972450961724,423.9120565471982
1.0210176124166828,0.11780972450961724,418.3742393452669
1.0995574287564276,0.11780972450961724,429.96772465178606
1.1780972450961724,0.11780972450961724,414.2206141347943
1.2566370614359172,0.11780972450961724,422.472957030987
1.335176877775662,0.11780972450961724,412.64227740490173
1.413716694115407,0.11780972450961724,418.0524826569904
1.4922565104551517,0.11780972450961724,424.8860923942808
1.5707963267948966,0.11780972450961724,409.99337057512935
1.6493361431346414,0.11780972450961724,447.0785978037453
1.7278759594743862,0.11780972450961724,417.85423665858127
1.806415775814131,0.11780972450961724,430.46009266997896
1.8849555921538759,0.11780972450961724,421.7800107487769
1.9634954084936207,0.11780972450961724,430.0103405394265
2.0420352248333655,0.11780972450961724,410.83797957372065
2.1205750411731104,0.11780972450961724,435.86138326176086
2.199114857512855,0.11780972450961724,427.05203011833595
2.2776546738526,0.11780972450961724,413.8019634247184
2.356194490192345,0.11780972450961724,431.57363678577275
2.4347343065320897,0.11780972450961724,426.49014277436805
2.5132741228718345,0.11780972450961724,437.7569801280516
2.5918139392115793,0.11780972450961724,416.70044395281604
2.670353755551324,0.11780972450961724,422.5485954570905
2.748893571891069,0.11780972450961724,432.1988952926247
2.827433388230814,0.11780972450961724,432.4906126020548
2.9059732045705586,0.11780972450961724,435.0720943860601
2.9845130209103035,0.11780972450961724,420.1684059242549
3.0630528372500483,0.11780972450961724,426.67530314435896
3.141592653589793,0.11780972450961724,449.45256697759805
0.0,0.15707963267948966,425.1411576487017
0.07853981633974483,0.15707963267948966,420.300149570927
0.15707963267948966,0.15707963267948966,407.4162527542111
0.23561944901923448,0.15707963267948966,436.07459889218205
0.3141592653589793,0.15707963267948966,428.0257853367219
0.39269908169872414,0.15707963267948966,426.1885442361596
0.47123889803846897,0.15707963267948966,440.27087753194985
0.5497787143782138,0.15707963267948966,407.6898794431544
0.6283185307179586,0.15707963267948966,426.2828555671275
0.7068583470577035,0.15707963267948966,413.3754671282809
0.7853981633974483,0.15707963267948966,407.45997736704567
0.8639379797371931,0.15707963267948966,427.5888330901579
0.9424777960769379,0.15707963267948966,422.4571671245973
1.0210176124166828,0.15707963267948966,416.2412637750872
1.0995574287564276,0.15707963267948966,431.9538091420589
1.1780972450961724,0.15707963267948966,410.2898042322818
1.2566370614359172,0.15707963267948966,420.97180590268295
1.335176877775662,0.15707963267948966,406.9937372217852
1.413716694115407,0.15707963267948966,415.23989541126423
1.4922565104551517,0.15707963267948966,425.0721890579973
1.5707963267948966,0.15707963267948966,403.3489825640755
1.6493361431346414,0.15707963267948966,455.00230249726803
1.7278759594743862,0.15707963267948966,416.1033345850267
1.806415775814131,0.15707963267948966,432.8928930283422
1.8849555921538759,0.15707963267948966,419.70303272409797
1.9634954084936207,0.15707963267948966,430.5339693188597
2.0420352248333655,0.15707963267948966,406.83910144605363
2.1205750411731104,0.15707963267948966,439.5004792396902
2.199114857512855,0.15707963267948966,426.808506872018
2.2776546738526,0.15707963267948966,410.72481920142104
2.356194490192345,0.15707963267948966,434.1235353185972
2.4347343065320897,0.15707963267948966,426.2244730405895
2.5132741228718345,0.15707963267948966,442.0057813420857
2.5918139392115793,0.15707963267948966,415.85509491683064
2.670353755551324,0.15707963267948966,421.69295226457916
2.748893571891069,0.15707963267948966,434.6261411086965
2.827433388230814,0.15707963267948966,435.16629626460553
2.9059732045705586,0.15707963267948966,437.86546805521687
2.9845130209103035,0.15707963267948966,419.05646957738315
3.0630528372500483,0.15707963267948966,427.2128203850177
3.141592653589793,0.15707963267948966,456.7728574039512
0.0,0.19634954084936207,425.1411576487016
0.07853981633974483,0.19634954084936207,419.7453108887545
0.15707963267948966,0.19634954084936207,404.01496595494325
0.23561944901923448,0.19634954084936207,436.9260175581636
0.3141592653589793,0.19634954084936207,426.70050239120485
0.39269908169872414,0.19634954084936207,426.19584554171934
0.47123889803846897,0.19634954084936207,441.3806715796654
0.5497787143782138,0.19634954084936207,403.1106772451756
0.6283185307179586,0.19634954084936207,424.5770227256271
0.7068583470577035,0.19634954084936207,409.0907166608423
0.7853981633974483,0.19634954084936207,401.71670228732864
0.8639379797371931,0.19634954084936207,429.2437162795313
0.9424777960769379,0.19634954084936207,420.52883985006235
1.0210176124166828,0.19634954084936207,414.25894038059585
1.0995574287564276,0.19634954084936207,434.0504526718249
1.1780972450961724,0.19634954084936207,406.37289918290236
1.2566370614359172,0.19634954084936207,419.22036859849686
1.335176877775662,0.19634954084936207,400.82176886320906
1.413716694115407,0.19634954084936207,412.31387212980076
1.4922565104551517,0.19634954084936207,425.38899587124627
1.5707963267948966,0.19634954084936207,396.16466081139254
1.6493361431346414,0.19634954084936207,462.9109071781644
1.7278759594743862,0.19634954084936207,414.77081040879204
1.806415775814131,0.19634954084936207,435.56205543446123
1.8849555921538759,0.19634954084936207,417.22352904644805
1.9634954084936207,0.19634954084936207,430.4748061776182
2.0420352248333655,0.19634954084936207,403.3977399875027
2.1205750411731104,0.19634954084936207,443.0228760026386
2.199114857512855,0.19634954084936207,426.125616931501
2.2776546738526,0.19634954084936207,408.13331540029566
2.356194490192345,0.19634954084936207,436.7753113753655
2.4347343065320897,0.19634954084936207,425.6046760177785
2.5132741228718345,0.19634954084936207,446.10141013774273
2.5918139392115793,0.19634954084936207,416.0492669561164
2.670353755551324,0.19634954084936207,420.87699757756707
2.748893571891069,0.19634954084936207,436.99131919762135
2.827433388230814,0.19634954084936207,437.84679418146897
2.9059732045705586,0.19634954084936207,440.279730453623
2.9845130209103035,0.19634954084936207,418.2689436610261
3.0630528372500483,0.19634954084936207,427.7414766285643
3.141592653589793,0.19634954084936207,463.39106823706834
0.0,0.23561944901923448,425.14115764870155
0.07853981633974483,0.23561944901923448,419.490205535928
0.15707963267948966,0.23561944901923448,401.2106632568846
0.23561944901923448,0.23561944901923448,436.95373107681473
0.3141592653589793,0.23561944901923448,424.5916260817476
0.39269908169872414,0.23561944901923448,426.09711124047766
0.47123889803846897,0.23561944901923448,441.3256288175504
0.5497787143782138,0.23561944901923448,398.6697065912274
0.6283185307179586,0.23561944901923448,422.129462706853
0.7068583470577035,0.23561944901923448,404.46166734741433
0.7853981633974483,0.23561944901923448,395.710167581962
0.8639379797371931,0.23561944901923448,431.24917169069494
0.9424777960769379,0.23561944901923448,418.17455359384434
1.0210176124166828,0.23561944901923448,412.4760788993485
1.0995574287564276,0.23561944901923448,436.2060257464737
1.1780972450961724,0.23561944901923448,402.5663419693044
1.2566370614359172,0.23561944901923448,417.26177167659523
1.335176877775662,0.23561944901923448,394.278337135731
1.413716694115407,0.23561944901923448,409.3464617128534
1.4922565104551517,0.23561944901923448,425.8287160461181
1.5707963267948966,0.23561944901923448,388.61729982510985
1.6493361431346414,0.23561944901923448,470.6096706575472
1.7278759594743862,0.23561944901923448,413.8894762969516
1.806415775814131,0.23561944901923448,438.40185348666796
1.8849555921538759,0.23561944901923448,414.4025582858329
1.9634954084936207,0.23561944901923448,429.8343060213601
2.0420352248333655,0.23561944901923448,400.5986413604713
2.1205750411731104,0.23561944901923448,446.34183273556675
2.199114857512855,0.23561944901923448,425.02017411157556
2.2776546738526,0.23561944901923448,406.09126719519026
2.356194490192345,0.23561944901923448,439.4636889622127
2.4347343065320897,0.23561944901923448,424.64602891531615
2.5132741228718345,0.23561944901923448,449.94301386774555
2.5918139392115793,0.23561944901923448,417.27818062473176
2.670353755551324,0.23561944901923448,420.120827648622
2.748893571891069,0.23561944901923448,439.23619813730716
2.827433388230814,0.23561944901923448,440.4660886968632
2.9059732045705586,0.23561944901923448,442.25546328362867
2.9845130209103035,0.23561944901923448,417.82522056984754
3.0630528372500483,0.23561944901923448,428.2482468140996
3.141592653589793,0.23561944901923448,469.14424207439697
0.0,0.2748893571891069,425.14115764870155
0.07853981633974483,0.2748893571891069,419.5411150602012
0.15707963267948966,0.2748893571891069,399.07239563319627
0.23561944901923448,0.2748893571891069,436.1570581509219
0.3141592653589793,0.2748893571891069,421.7510834982586
0.39269908169872414,0.2748893571891069,425.8947746768042
0.47123889803846897,0.2748893571891069,440.1071055297624
0.5497787143782138,0.2748893571891069,394.47632043216083
0.6283185307179586,0.2748893571891069,419.00044394661995
0.7068583470577035,0.2748893571891069,399.60230092515286
0.7853981633974483,0.2748893571891069,389.5882505275851
0.8639379797371931,0.2748893571891069,433.5558166184679
0.9424777960769379,0.2748893571891069,415.4522758443859
1.0210176124166828,0.2748893571891069,410.9365777072542
1.0995574287564276,0.2748893571891069,438.36744793203286
1.1780972450961724,0.2748893571891069,398.96385857932535
1.2566370614359172,0.2748893571891069,415.1442426409566
1.335176877775662,0.2748893571891069,387.5245538123485
1.413716694115407,0.2748893571891069,406.4107321334168
1.4922565104551517,0.2748893571891069,426.38052613018937
1.5707963267948966,0.2748893571891069,380.8927335790313
1.6493361431346414,0.2748893571891069,477.90901889649876
1.7278759594743862,0.2748893571891069,413.48103458777024
1.806415775814131,0.2748893571891069,441.34235925592986
1.8849555921538759,0.2748893571891069,411.30958690623237
1.9634954084936207,0.2748893571891069,428.62823826284375
2.0420352248333655,0.2748893571891069,398.5107368151624
2.1205750411731104,0.2748893571891069,449.3756182392975
2.199114857512855,0.2748893571891069,423.51939691979123
2.2776546738526,0.2748893571891069,404.6489602195503
2.356194490192345,0.2748893571891069,442.1224902085189
2.4347343065320897,0.2748893571891069,423.3721520516963
2.5132741228718345,0.2748893571891069,453.43599497468256
2.5918139392115793,0.2748893571891069,419.5115776488119
2.670353755551324,0.2748893571891069,419.44306647933684
2.748893571891069,0.2748893571891069,441.30550844218345
2.827433388230814,0.2748893571891069,442.9596696631186
2.9059732045705586,0.2748893571891069,443.7440453767908
2.9845130209103035,0.2748893571891069,417.73622710333996
3.0630528372500483,0.2748893571891069,428.72064503759407
3.141592653589793,0.2748893571891069,473.89072143776957
0.0,0.3141592653589793,425.14115764870127
0.07853981633974483,0.3141592653589793,419.8967859071603
0.15707963267948966,0.3141592653589793,397.6528140735131
0.23561944901923448,0.3141592653589793,434.55561657027613
0.3141592653589793,0.3141592653589793,418.2488177999934
0.39269908169872414,0.3141592653589793,425.59382014110474
0.47123889803846897,0.3141592653589793,437.7551067151324
0.5497787143782138,0.3141592653589793,390.6337753074238
0.6283185307179586,0.3141592653589793,415.2670146022166
0.7068583470577035,0.3141592653589793,394.63227033499356
0.7853981633974483,0.3141592653589793,383.5016704213042
0.8639379797371931,0.3141592653589793,436.1068521403701
0.9424777960769379,0.3141592653589793,412.42903537395875
1.0210176124166828,0.3141592653589793,409.67834290467624
1.0995574287564276,0.3141592653589793,440.48149489054936
1.1780972450961724,0.3141592653589793,395.6541501862904
1.2566370614359172,0.3141592653589793,412.91992241802177
1.335176877775662,0.3141592653589793,380.7267105828688
1.413716694115407,0.3141592653589793,403.57897125827077
1.4922565104551517,0.3141592653589793,427.03084249168865
1.5707963267948966,0.3141592653589793,373.1811597073373
1.6493361431346414,0.3141592653589793,484.62921297847095
1.7278759594743862,0.3141592653589793,413.55554340114264
1.806415775814131,0.3141592653589793,444.31116516003976
1.8849555921538759,0.3141592653589793,408.02077874110716
1.9634954084936207,0.3141592653589793,426.88629853791167
2.0420352248333655,0.3141592653589793,397.1854453231666
2.1205750411731104,0.3141592653589793,452.0495234699406
2.199114857512855,0.3141592653589793,421.66023835363876
2.2776546738526,0.3141592653589793,403.8419123448571
2.356194490192345,0.3141592653589793,444.68626476914187
2.4347343065320897,0.3141592653589793,421.8144271498994
2.5132741228718345,0.3141592653589793,456.4943403247145
2.5918139392115793,0.3141592653589793,422.6944659754629
2.670353755551324,0.3141592653589793,418.8604072073109
2.748893571891069,0.3141592653589793,443.14830343892027
2.827433388230814,0.3141592653589793,445.2661229835369
2.9059732045705586,0.3141592653589793,444.70884973620025
2.9845130209103035,0.3141592653589793,418.0041554064268
3.0630528372500483,0.3141592653589793,429.14703204277004
3.141592653589793,0.3141592653589793,477.5136368213311
0.0,0.3534291735288517,425.1411576487018
0.07853981633974483,0.3534291735288517,420.5484602868526
0.15707963267948966,0.3534291735288517,396.98687314341987
0.23561944901923448,0.3534291735288517,432.18884015005847
0.3141592653589793,0.3534291735288517,414.17106598547605
0.39269908169872414,0.3534291735288517,425.20166012714947
0.47123889803846897,0.3534291735288517,434.3275472588957
0.5497787143782138,0.3534291735288517,387.23668881740093
0.6283185307179586,0.3534291735288517,411.0211053628628
0.7068583470577035,0.3534291735288517,389.67395347399895
0.7853981633974483,0.3534291735288517,377.60027751084067
0.8639379797371931,0.3534291735288517,438.83946170489105
0.9424777960769379,0.3534291735288517,409.17927178473474
1.0210176124166828,0.3534291735288517,408.73235495186344
1.0995574287564276,0.3534291735288517,442.4961089581242
1.1780972450961724,0.3534291735288517,392.71870905593596
1.2566370614359172,0.3534291735288517,410.64358147198266
1.335176877775662,0.3534291735288517,374.0521844553058
1.413716694115407,0.3534291735288517,400.9209068779484
1.4922565104551517,0.3534291735288517,427.7636557703882
1.5707963267948966,0.3534291735288517,365.67245624967074
1.6493361431346414,0.3534291735288517,490.6047749071428
1.7278759594743862,0.3534291735288517,414.11116896857357
1.806415775814131,0.3534291735288517,447.23516689445137
1.8849555921538759,0.3534291735288517,404.61711955860727
1.9634954084936207,0.3534291735288517,424.6513775112055
2.0420352248333655,0.3534291735288517,396.6554074234449
2.1205750411731104,0.3534291735288517,454.2977011677445
2.199114857512855,0.3534291735288517,419.4884760020068
2.2776546738526,0.3534291735288517,403.6899990912587
2.356194490192345,0.3534291735288517,447.09190131713797
2.4347343065320897,0.3534291735288517,420.01122452492314
2.5132741228718345,0.3534291735288517,459.0427391631896
2.5918139392115793,0.3534291735288517,426.74847384978574
2.670353755551324,0.3534291735288517,418.3872010385249
2.748893571891069,0.3534291735288517,444.7192137018334
2.827433388230814,0.3534291735288517,447.3286429167123
2.9059732045705586,0.3534291735288517,445.1261452492625
2.9845130209103035,0.3534291735288517,418.622408986462
3.0630528372500483,0.3534291735288517,429.51690186288545
3.141592653589793,0.3534291735288517,479.9237843784757
0.0,0.39269908169872414,425.1411576487015
0.07853981633974483,0.39269908169872414,421.48009181959685
0.15707963267948966,0.39269908169872414,397.09097028853853
0.23561944901923448,0.39269908169872414,429.11500773321563
0.3141592653589793,0.39269908169872414,409.61823545389467
0.39269908169872414,0.39269908169872414,424.727952799578
0.47123889803846897,0.39269908169872414,429.90882587065073
0.5497787143782138,0.39269908169872414,384.36870981552266
0.6283185307179586,0.39269908169872414,406.3672658032184
0.7068583470577035,0.39269908169872414,384.84943985000973
0.7853981633974483,0.39269908169872414,372.02936331699664
0.8639379797371931,0.39269908169872414,441.68635789326765
0.9424777960769379,0.39269908169872414,405.7830025748286
1.0210176124166828,0.39269908169872414,408.12190583617667
1.0995574287564276,0.39269908169872414,444.3616809946982
1.1780972450961724,0.39269908169872414,390.22981195942134
1.2566370614359172,0.39269908169872414,408.3712711722171
1.335176877775662,0.39269908169872414,367.66531643056294
1.413716694115407,0.39269908169872414,398.5019897744063
1.4922565104551517,0.39269908169872414,428.5609250590687
1.5707963267948966,0.39269908169872414,358.55150626371864
1.6493361431346414,0.39269908169872414,495.6885622517132
1.7278759594743862,0.39269908169872414,415.13423078117955
1.806415775814131,0.39269908169872414,450.0423635179801
1.8849555921538759,0.39269908169872414,401.182422896076
1.9634954084936207,0.39269908169872414,421.97850477596523
2.0420352248333655,0.39269908169872414,396.9336814579108
2.1205750411731104,0.39269908169872414,456.0647872773266
2.199114857512855,0.39269908169872414,417.05758485557976
2.2776546738526,0.39269908169872414,404.19696420581045
2.356194490192345,0.39269908169872414,449.28018144735125
2.4347343065320897,0.39269908169872414,418.0069581932238
2.5132741228718345,0.39269908169872414,461.0184375409001
2.5918139392115793,0.39269908169872414,431.5737795782155
2.670353755551324,0.39269908169872414,418.0351038471179
2.748893571891069,0.39269908169872414,445.97956415985334
2.827433388230814,0.39269908169872414,449.09643090382906
2.9059732045705586,0.39269908169872414,444.98568086878134
2.9845130209103035,0.39269908169872414,419.57576513588936
3.0630528372500483,0.39269908169872414,429.82114055506213
3.141592653589793,0.39269908169872414,481.0618223897548
0.0,0.43196898986859655,425.1411576487013
0.07853981633974483,0.43196898986859655,422.66874065106884
0.15707963267948966,0.43196898986859655,397.96254207641897
0.23561944901923448,0.43196898986859655,425.40980816605946
0.3141592653589793,0.43196898986859655,404.7024316440678
0.39269908169872414,0.43196898986859655,424.18436416622114
0.47123889803846897,0.43196898986859655,424.60774690297046
0.5497787143782138,0.43196898986859655,382.10045868780554
0.6283185307179586,0.43196898986859655,401.4200900184922
0.7068583470577035,0.43196898986859655,380.27752433714215
0.7853981633974483,0.43196898986859655,366.9260831997357
0.8639379797371931,0.43196898986859655,444.57743926831233
0.9424777960769379,0.43196898986859655,402.3238528571421
1.0210176124166828,0.43196898986859655,407.86202555454184
1.0995574287564276,0.43196898986859655,446.0322719420993
1.1780972450961724,0.43196898986859655,388.2487405011247
1.2566370614359172,0.43196898986859655,406.15894362069946
1.335176877775662,0.43196898986859655,361.7233649307998
1.413716694115407,0.43196898986859655,396.381782102995
1.4922565104551517,0.43196898986859655,429.4030221096441
1.5707963267948966,0.43196898986859655,351.99364542860576
1.6493361431346414,0.43196898986859655,499.755391308178
1.7278759594743862,0.43196898986859655,416.59953844406516
1.806415775814131,0.43196898986859655,452.66363036920353
1.8849555921538759,0.43196898986859655,397.80126626700337
1.9634954084936207,0.43196898986859655,418.93349385255254
2.0420352248333655,0.43196898986859655,398.01342198825245
2.1205750411731104,0.43196898986859655,457.3072642342851
2.199114857512855,0.43196898986859655,414.42742058129966
2.2776546738526,0.43196898986859655,405.3503274596495
2.356194490192345,0.43196898986859655,451.19723772928006
2.4347343065320897,0.43196898986859655,415.85099217095194
2.5132741228718345,0.43196898986859655,462.3727835487016
2.5918139392115793,0.43196898986859655,437.05156946106166
2.670353755551324,0.43196898986859655,417.8127891446219
2.748893571891069,0.43196898986859655,446.8983263684295
2.827433388230814,0.43196898986859655,450.5259464746724
2.9059732045705586,0.43196898986859655,444.2909378788515
2.9845130209103035,0.43196898986859655,420.84074976121786
3.0630528372500483,0.43196898986859655,430.0522506560095
3.141592653589793,0.43196898986859655,480.89973242760163
0.0,0.47123889803846897,425.14115764870195
0.07853981633974483,0.47123889803846897,424.08513830761115
0.15707963267948966,0.47123889803846897,399.58012731808014
0.23561944901923448,0.47123889803846897,421.1644765821818
0.3141592653589793,0.47123889803846897,399.54469762869627
0.39269908169872414,0.47123889803846897,423.58428081141204
0.47123889803846897,0.47123889803846897,418.554841222411
0.5497787143782138,0.47123889803846897,380.48778843702223
0.6283185307179586,0.47123889803846897,396.30139493059653
0.7068583470577035,0.47123889803846897,376.070782055818
0.7853981633974483,0.47123889803846897,362.4160792553928
0.8639379797371931,0.47123889803846897,447.4415165131109
0.9424777960769379,0.47123889803846897,398.88699624577055
1.0210176124166828,0.47123889803846897,407.95911203297396
1.0995574287564276,0.47123889803846897,447.46674401142656
1.1780972450961724,0.47123889803846897,386.8242721825218
1.2566370614359172,0.47123889803846897,404.0610739238229
1.335176877775662,0.47123889803846897,356.3726336211939
1.413716694115407,0.47123889803846897,394.6124907721253
1.4922565104551517,0.47123889803846897,430.26921462624165
1.5707963267948966,0.47123889803846897,346.16034473397383
1.6493361431346414,0.47123889803846897,502.70511956216774
1.7278759594743862,0.47123889803846897,418.4710119426242
1.806415775814131,0.47123889803846897,455.03442115837834
1.8849555921538759,0.47123889803846897,394.5569085580082
1.9634954084936207,0.47123889803846897,415.59132165026386
2.0420352248333655,0.47123889803846897,399.86804831270103
2.1205750411731104,0.47123889803846897,457.99453254929756
2.199114857512855,0.47123889803846897,411.662745682996
2.2776546738526,0.47123889803846897,407.12169193455475
2.356194490192345,0.47123889803846897,452.7958800077306
2.4347343065320897,0.47123889803846897,413.59642489204316
2.5132741228718345,0.47123889803846897,463.0724253115368
2.5918139392115793,0.47123889803846897,443.04696337184265
2.670353755551324,0.47123889803846897,417.7257344864471
2.748893571891069,0.47123889803846897,447.4528824984928
2.827433388230814,0.47123889803846897,451.5819794304138
2.9059732045705586,0.47123889803846897,443.0590440348471
2.9845130209103035,0.47123889803846897,422.38621538879994
3.0630528372500483,0.47123889803846897,430.20453583204306
3.141592653589793,0.47123889803846897,479.44150923930044
0.0,0.5105088062083414,425.14115764870155
0.07853981633974483,0.5105088062083414,425.6944083831553
0.15707963267948966,0.5105088062083414,401.9038955149331
0.23561944901923448,0.5105088062083414,416.48354788559465
0.3141592653589793,0.5105088062083414,394.2720336342379
0.39269908169872414,0.5105088062083414,422.94248026381183
0.47123889803846897,0.5105088062083414,411.8991521019959
0.5497787143782138,0.5105088062083414,379.5704093894258
0.6283185307179586,0.5105088062083414,391.1372207448569
0.7068583470577035,0.5105088062083414,372.3327964034597
0.7853981633974483,0.5105088062083414,358.6103866997691
0.8639379797371931,0.5105088062083414,450.20806535627196
0.9424777960769379,0.5105088062083414,395.55705761209106
1.0210176124166828,0.5105088062083414,408.4107735957333
1.0995574287564276,0.5105088062083414,448.6297736460908
1.1780972450961724,0.5105088062083414,385.99147935703445
1.2566370614359172,0.5105088062083414,402.1293188328842
1.335176877775662,0.5105088062083414,351.7448689706954
1.413716694115407,0.5105088062083414,393.2376819337028
1.4922565104551517,0.5105088062083414,431.13817674507663
1.5707963267948966,0.5105088062083414,341.195234561051
1.6493361431346414,0.5105088062083414,504.46511155272856
1.7278759594743862,0.5105088062083414,420.7025700477816
1.806415775814131,0.5105088062083414,457.0963573236418
1.8849555921538759,0.5105088062083414,391.52923989660144
1.9634954084936207,0.5105088062083414,412.034282295406
2.0420352248333655,0.5105088062083414,402.45189893355337
2.1205750411731104,0.5105088062083414,458.10966430352187
2.199114857512855,0.5105088062083414,408.83163483896624
2.2776546738526,0.5105088062083414,409.4674432325895
2.356194490192345,0.5105088062083414,454.0367572939172
2.4347343065320897,0.5105088062083414,411.2987816782933
2.5132741228718345,0.5105088062083414,463.100132243133
2.5918139392115793,0.5105088062083414,449.41233594599385
2.670353755551324,0.5105088062083414,417.7760865751428
2.748893571891069,0.5105088062083414,447.62958223074395
2.827433388230814,0.5105088062083414,452.2385169020293
2.9059732045705586,0.5105088062083414,441.32035169252333
2.9845130209103035,0.5105088062083414,424.1741081150202
3.0630528372500483,0.5105088062083414,430.27424117647035
3.141592653589793,0.5105088062083414,476.7230623611318
0.0,0.5497787143782138,425.1411576487011
0.07853981633974483,0.5497787143782138,427.4569253120582
0.15707963267948966,0.5497787143782138,404.8766276189667
0.23561944901923448,0.5497787143782138,411.4822827498342
0.3141592653589793,0.5497787143782138,389.0142698757095
0.39269908169872414,0.5497787143782138,422.27476711545796
0.47123889803846897,0.5497787143782138,404.8045652772031
0.5497787143782138,0.5497787143782138,379.37091138836206
0.6283185307179586,0.5497787143782138,386.05472741603353
0.7068583470577035,0.5497787143782138,369.1556084909204
0.7853981633974483,0.5497787143782138,355.60269991156514
0.8639379797371931,0.5497787143782138,452.8089631208484
0.9424777960769379,0.5497787143782138,392.41602935156766
1.0210176124166828,0.5497787143782138,409.205887863008
1.0995574287564276,0.5497787143782138,449.4927213179201
1.1780972450961724,0.5497787143782138,385.77086564945796
1.2566370614359172,0.5497787143782138,400.4112447819688
1.335176877775662,0.5497787143782138,347.9540162555254
1.413716694115407,0.5497787143782138,392.2912082378632
1.4922565104551517,0.5497787143782138,431.9885141315317
1.5707963267948966,0.5497787143782138,337.2205680558353
1.6493361431346414,0.5497787143782138,504.9920274191616
1.7278759594743862,0.5497787143782138,423.2392649847234
1.806415775814131,0.5497787143782138,458.7986655162018
1.8849555921538759,0.5497787143782138,388.79281447092615
1.9634954084936207,0.5497787143782138,408.3499607844675
2.0420352248333655,0.5497787143782138,405.70135586052515
2.1205750411731104,0.5497787143782138,457.6498200015336
2.199114857512855,0.5497787143782138,406.0037986823611
2.2776546738526,0.5497787143782138,412.32982339207393
2.356194490192345,0.5497787143782138,454.88932663793736
2.4347343065320897,0.5497787143782138,409.01464745758403
2.5132741228718345,0.5497787143782138,462.4552193392382
2.5918139392115793,0.5497787143782138,455.9909516003112
2.670353755551324,0.5497787143782138,417.9626083821727
2.748893571891069,0.5497787143782138,447.4240788428854
2.827433388230814,0.5497787143782138,452.479383934092
2.9059732045705586,0.5497787143782138,439.1176903148922
2.9845130209103035,0.5497787143782138,426.1604046160649
3.0630528372500483,0.5497787143782138,430.2596456995492
3.141592653589793,0.5497787143782138,472.8113318864292
0.0,0.5890486225480862,425.1411576487011
0.07853981633974483,0.5890486225480862,429.32929008201245
0.15707963267948966,0.5890486225480862,408.4251249566148
0.23561944901923448,0.5890486225480862,406.28382951349624
0.3141592653589793,0.5890486225480862,383.90086970758585
0.39269908169872414,0.5890486225480862,421.59758385204094
0.47123889803846897,0.5890486225480862,397.44577353167426
0.5497787143782138,0.5890486225480862,379.894207551644
0.6283185307179586,0.5890486225480862,381.1790635429925
0.7068583470577035,0.5890486225480862,366.61745078796105
0.7853981633974483,0.5890486225480862,353.4670654546192
0.8639379797371931,0.5890486225480862,455.18016613728463
0.9424777960769379,0.5890486225480862,389.5412524696182
1.0210176124166828,0.5890486225480862,410.32487562681854
1.0995574287564276,0.5890486225480862,450.0343367389756
1.1780972450961724,0.5890486225480862,386.16786110407554
1.2566370614359172,0.5890486225480862,398.94915664316966
1.335176877775662,0.5890486225480862,345.0934138831368
1.413716694115407,0.5890486225480862,391.79637526656586
1.4922565104551517,0.5890486225480862,432.79929076490373
1.5707963267948966,0.5890486225480862,334.3342108776935
1.6493361431346414,0.5890486225480862,504.27289009083245
1.7278759594743862,0.5890486225480862,426.0186354258267
1.806415775814131,0.5890486225480862,460.0994278187877
1.8849555921538759,0.5890486225480862,386.41501474010624
1.9634954084936207,0.5890486225480862,404.6290763577183
2.0420352248333655,0.5890486225480862,409.5364110660608
2.1205750411731104,0.5890486225480862,456.6263185173027
2.199114857512855,0.5890486225480862,403.24886729842984
2.2776546738526,0.5890486225480862,415.63835306660104
2.356194490192345,0.5890486225480862,455.332605126251
2.4347343065320897,0.5890486225480862,406.8002733976642
2.5132741228718345,0.5890486225480862,461.15356406176414
2.5918139392115793,0.5890486225480862,462.6208238769292
2.670353755551324,0.5890486225480862,418.28070959035824
2.748893571891069,0.5890486225480862,446.8414362143857
2.827433388230814,0.5890486225480862,452.29864182026
2.9059732045705586,0.5890486225480862,436.5053117633542
2.9845130209103035,0.5890486225480862,428.29619614500075
3.0630528372500483,0.5890486225480862,430.16110473340694
3.141592653589793,0.5890486225480862,467.80264016038427
0.0,0.6283185307179586,425.14115764870166
0.07853981633974483,0.6283185307179586,431.26539886173333
0.15707963267948966,0.6283185307179586,412.4620116239107
0.23561944901923448,0.6283185307179586,401.0161918557765
0.3141592653589793,0.6283185307179586,379.0577418078182
0.39269908169872414,0.6283185307179586,420.92760597710844
0.47123889803846897,0.6283185307179586,390.00397517796006
0.5497787143782138,0.6283185307179586,381.1274132892574
0.6283185307179586,0.6283185307179586,376.63028479025843
0.7068583470577035,0.6283185307179586,364.7808207829231
0.7853981633974483,0.6283185307179586,352.25605888385195
0.8639379797371931,0.6283185307179586,457.26328671686815
0.9424777960769379,0.6283185307179586,387.0035121988401
1.0210176124166828,0.6283185307179586,411.74018296137194
1.0995574287564276,0.6283185307179586,450.24128212435016
1.1780972450961724,0.6283185307179586,387.1726884924915
1.2566370614359172,0.6283185307179586,397.7790560390788
1.335176877775662,0.6283185307179586,343.2334951214739
1.413716694115407,0.6283185307179586,391.76536767122195
1.4922565104551517,0.6283185307179586,433.55054443971716
1.5707963267948966,0.6283185307179586,332.6072314455846
1.6493361431346414,0.6283185307179586,502.32540484207186
1.7278759594743862,0.6283185307179586,428.9722444926304
1.806415775814131,0.6283185307179586,460.96661391276405
1.8849555921538759,0.6283185307179586,384.45439223854095
1.9634954084936207,0.6283185307179586,400.9632486964915
2.0420352248333655,0.6283185307179586,413.86263652145624
2.1205750411731104,0.6283185307179586,455.064358410724
2.199114857512855,0.6283185307179586,400.63467570458795
2.2776546738526,0.6283185307179586,419.31156694840985
2.356194490192345,0.6283185307179586,455.355686487925
2.4347343065320897,0.6283185307179586,404.71019176513744
2.5132741228718345,0.6283185307179586,459.2272153979826
2.5918139392115793,0.6283185307179586,469.13870408200796
2.670353755551324,0.6283185307179586,418.722559607498
2.748893571891069,0.6283185307179586,445.8960041141207
2.827433388230814,0.6283185307179586,451.7007343817792
2.9059732045705586,0.6283185307179586,433.54755434416205
2.9845130209103035,0.6283185307179586,430.52889282457187
3.0630528372500483,0.6283185307179586,429.98104120759393
3.141592653589793,0.6283185307179586,461.8203199884543
0.0,0.667588438887831,425.1411576487016
0.07853981633974483,0.667588438887831,433.2175782302776
0.15707963267948966,0.667588438887831,416.88788597198584
0.23561944901923448,0.667588438887831,395.80907691793993
0.3141592653589793,0.667588438887831,374.6041398895786
0.39269908169872414,0.667588438887831,420.28133139963586
0.47123889803846897,0.667588438887831,382.66241235100694
0.5497787143782138,0.667588438887831,383.04016356042564
0.6283185307179586,0.667588438887831,372.5203977151777
0.7068583470577035,0.667588438887831,363.69094208948036
0.7853981633974483,0.667588438887831,351.9994902275307
0.8639379797371931,0.667588438887831,459.0070308553434
0.9424777960769379,0.667588438887831,384.8652950397711
1.0210176124166828,0.667588438887831,413.4169596966837
1.0995574287564276,0.667588438887831,450.10846062142843
1.1780972450961724,0.667588438887831,388.7606040730524
1.2566370614359172,0.667588438887831,396.9297548623705
1.335176877775662,0.667588438887831,342.4200538244038
1.413716694115407,0.667588438887831,392.1989491447762
1.4922565104551517,0.667588438887831,434.2237782903404
1.5707963267948966,0.667588438887831,332.082151017911
1.6493361431346414,0.667588438887831,499.1975233435806
1.7278759594743862,0.667588438887831,432.02736489616325
1.806415775814131,0.667588438887831,461.3788697784867
1.8849555921538759,0.667588438887831,382.9592258291623
1.9634954084936207,0.667588438887831,397.4427419477544
2.0420352248333655,0.667588438887831,418.57350930514576
2.1205750411731104,0.667588438887831,453.00239747667604
2.199114857512855,0.667588438887831,398.22559353046546
2.2776546738526,0.667588438887831,423.259019704316
2.356194490192345,0.667588438887831,454.9580095894811
2.4347343065320897,0.667588438887831,402.795873116747
2.5132741228718345,0.667588438887831,456.72360472095545
2.5918139392115793,0.667588438887831,475.3841010056534
2.670353755551324,0.667588438887831,419.27728036849606
2.748893571891069,0.667588438887831,444.6110648418754
2.827433388230814,0.667588438887831,450.7003785868541
2.9059732045705586,0.667588438887831,430.31725850640964
2.9845130209103035,0.667588438887831,432.80351858205984
3.0630528372500483,0.667588438887831,429.72388600994947
3.141592653589793,0.667588438887831,455.0116777598598
0.0,0.7068583470577035,425.14115764870155
0.07853981633974483,0.7068583470577035,435.137759054868
0.15707963267948966,0.7068583470577035,421.59376820618616
0.23561944901923448,0.7068583470577035,390.79070148044116
0.3141592653589793,0.7068583470577035,370.6497262801045
0.39269908169872414,0.7068583470577035,419.67467419563627
0.47123889803846897,0.7068583470577035,375.6018589764209
0.5497787143782138,0.7068583470577035,385.5853605581309
0.6283185307179586,0.7068583470577035,368.9506017914929
0.7068583470577035,0.7068583470577035,363.3746508931078
0.7853981633974483,0.7068583470577035,352.70367002075943
0.8639379797371931,0.7068583470577035,460.36846126561426
0.9424777960769379,0.7068583470577035,383.1792501425684
1.0210176124166828,0.7068583470577035,415.3139175491625
1.0995574287564276,0.7068583470577035,449.6391418185311
1.1780972450961724,0.7068583470577035,390.89250687348357
1.2566370614359172,0.7068583470577035,396.422165830566
1.335176877775662,0.7068583470577035,342.6731168567478
1.413716694115407,0.7068583470577035,393.0864436159227
1.4922565104551517,0.7068583470577035,434.80241623600045
1.5707963267948966,0.7068583470577035,332.7718966947037
1.6493361431346414,0.7068583470577035,494.9662629447415
1.7278759594743862,0.7068583470577035,435.10876972189465
1.806415775814131,0.7068583470577035,461.3260435084262
1.8849555921538759,0.7068583470577035,381.9663329063179
1.9634954084936207,0.7068583470577035,394.15424212553364
2.0420352248333655,0.7068583470577035,423.55303453140414
2.1205750411731104,0.7068583470577035,450.4912058040287
2.199114857512855,0.7068583470577035,396.08094002673
2.2776546738526,0.7068583470577035,427.38351303145805
2.356194490192345,0.7068583470577035,454.14937220743485
2.4347343065320897,0.7068583470577035,401.1044588876256
2.5132741228718345,0.7068583470577035,453.70437788234466
2.5918139392115793,0.7068583470577035,481.20323274424584
2.670353755551324,0.7068583470577035,419.93121417864654
2.748893571891069,0.7068583470577035,443.0182599246771
2.827433388230814,0.7068583470577035,449.3222022039407
2.9059732045705586,0.7068583470577035,426.89397320280057
2.9845130209103035,0.7068583470577035,435.0640648406175
3.0630528372500483,0.7068583470577035,429.3959689011562
3.141592653589793,0.7068583470577035,447.5443662642266
0.0,0.7461282552275759,425.14115764870127
0.07853981633974483,0.7461282552275759,436.97866011246106
0.15707963267948966,0.7461282552275759,426.4637838307892
0.23561944901923448,0.7461282552275759,386.0846348382319
0.3141592653589793,0.7461282552275759,367.2918716710711
0.39269908169872414,0.7461282552275759,419.1225727467787
0.47123889803846897,0.7461282552275759,368.99616951471546
0.5497787143782138,0.7461282552275759,388.7003334106395
0.6283185307179586,0.7461282552275759,366.0087975398844
0.7068583470577035,0.7461282552275759,363.8397351566424
0.7853981633974483,0.7461282552275759,354.35125396254375
0.8639379797371931,0.7461282552275759,461.3140546394528
0.9424777960769379,0.7461282552275759,381.9868929154552
1.0210176124166828,0.7461282552275759,417.38434677911033
1.0995574287564276,0.7461282552275759,448.8448812424556
1.1780972450961724,0.7461282552275759,393.51590149412004
1.2566370614359172,0.7461282552275759,396.26878754488143
1.335176877775662,0.7461282552275759,343.98645098341706
1.413716694115407,0.7461282552275759,394.40599812852713
1.4922565104551517,0.7461282552275759,435.27221113168395
1.5707963267948966,0.7461282552275759,334.6594831226044
1.6493361431346414,0.7461282552275759,489.7358102599586
1.7278759594743862,0.7461282552275759,438.1405847642493
1.806415775814131,0.7461282552275759,460.8094352857531
1.8849555921538759,0.7461282552275759,381.500162820484
1.9634954084936207,0.7461282552275759,391.1787226169207
2.0420352248333655,0.7461282552275759,428.6786015143746
2.1205750411731104,0.7461282552275759,447.59261566132295
2.199114857512855,0.7461282552275759,394.25352343040777
2.2776546738526,0.7461282552275759,431.5834889954069
2.356194490192345,0.7461282552275759,452.94968973967826
2.4347343065320897,0.7461282552275759,399.677600584614
2.5132741228718345,0.7461282552275759,450.2438772952897
2.5918139392115793,0.7461282552275759,486.45281331822207
2.670353755551324,0.7461282552275759,420.6682600029478
2.748893571891069,0.7461282552275759,441.1568109847011
2.827433388230814,0.7461282552275759,447.60013741093127
2.9059732045705586,0.7461282552275759,423.36199707895327
2.9845130209103035,0.7461282552275759,437.25486963471974
3.0630528372500483,0.7461282552275759,429.0053626689187
3.141592653589793,0.7461282552275759,439.60225651473314
0.0,0.7853981633974483,425.14115764870166
0.07853981633974483,0.7853981633974483,438.69495231036626
0.15707963267948966,0.7853981633974483,431.3780168640077
0.23561944901923448,0.7853981633974483,381.8067561131584
0.3141592653589793,0.7853981633974483,364.61325752959584
0.39269908169872414,0.7853981633974483,418.63862190496855
0.47123889803846897,0.7853981633974483,363.0079980862482
0.5497787143782138,0.7853981633974483,392.30838134435135
0.6283185307179586,0.7853981633974483,363.7674221235925
0.7068583470577035,0.7853981633974483,365.07474285587693
0.7853981633974483,0.7853981633974483,356.90167002122575
0.8639379797371931,0.7853981633974483,461.82052710490825
0.9424777960769379,0.7853981633974483,381.3175827813676
1.0210176124166828,0.7853981633974483,419.5772663416429
1.0995574287564276,0.7853981633974483,447.745235827126
1.1780972450961724,0.7853981633974483,396.5661907242782
1.2566370614359172,0.7853981633974483,396.4733967327263
1.335176877775662,0.7853981633974483,346.3277163645761
1.413716694115407,0.7853981633974483,396.12512093329735
1.4922565104551517,0.7853981633974483,435.62159557494306
1.5707963267948966,0.7853981633974483,337.6984307400432
1.6493361431346414,0.7853981633974483,483.634955754967
1.7278759594743862,0.7853981633974483,441.0481568000813
1.806415775814131,0.7853981633974483,459.84176537305996
1.8849555921538759,0.7853981633974483,381.57219484775476
1.9634954084936207,0.7853981633974483,388.5894503509674
2.0420352248333655,0.7853981633974483,433.82400283927905
2.1205750411731104,0.7853981633974483,444.3779989910032
2.199114857512855,0.7853981633974483,392.7883406523701
2.2776546738526,0.7853981633974483,435.7555307187571
2.356194490192345,0.7853981633974483,451.38850479724545
2.4347343065320897,0.7853981633974483,398.55043416773856
2.5132741228718345,0.7853981633974483,446.42731138346034
2.5918139392115793,0.7853981633974483,491.0035808462345
2.670353755551324,0.7853981633974483,421.47026992094425
2.748893571891069,0.7853981633974483,439.07255396364616
2.827433388230814,0.7853981633974483,445.5765852914251
2.9059732045705586,0.7853981633974483,419.80830272398214
2.9845130209103035,0.7853981633974483,439.32198819134214
3.0630528372500483,0.7853981633974483,428.5616843591261
3.141592653589793,0.7853981633974483,431.3809102272357
0.0,0.8246680715673207,425.1411576487019
0.07853981633974483,0.8246680715673207,440.2443748389404
0.15707963267948966,0.8246680715673207,436.2154625676505
0.23561944901923448,0.8246680715673207,378.0624009245196
0.3141592653589793,0.8246680715673207,362.6798402064668
0.39269908169872414,0.8246680715673207,418.2347382402373
0.47123889803846897,0.8246680715673207,357.78479338620156
0.5497787143782138,0.8246680715673207,396.3206623101919
0.6283185307179586,0.8246680715673207,362.2816657039467
0.7068583470577035,0.8246680715673207,367.0492639670566
0.7853981633974483,0.8246680715673207,360.2921174713384
0.8639379797371931,0.8246680715673207,461.8754075538927
0.9424777960769379,0.8246680715673207,381.18780025379874
1.0210176124166828,0.8246680715673207,421.83867921047874
1.0995574287564276,0.8246680715673207,446.36728235942223
1.1780972450961724,0.8246680715673207,399.9682661432273
1.2566370614359172,0.8246680715673207,397.03095525186177
1.335176877775662,0.8246680715673207,349.63926287719573
1.413716694115407,0.8246680715673207,398.2014815421001
1.4922565104551517,0.8246680715673207,435.8419667306067
1.5707963267948966,0.8246680715673207,341.8139102639668
1.6493361431346414,0.8246680715673207,476.81392250206943
1.7278759594743862,0.8246680715673207,443.7598917980134
1.806415775814131,0.8246680715673207,458.446860899413
1.8849555921538759,0.8246680715673207,382.1806555281346
1.9634954084936207,0.8246680715673207,386.45018172518974
2.0420352248333655,0.8246680715673207,438.8625420013227
2.1205750411731104,0.8246680715673207,440.9265100012838
2.199114857512855,0.8246680715673207,391.721469304979
2.2776546738526,0.8246680715673207,439.7969088449718
2.356194490192345,0.8246680715673207,449.5042597520947
2.4347343065320897,0.8246680715673207,397.75071487409934
2.5132741228718345,0.8246680715673207,442.3486564704841
2.5918139392115793,0.8246680715673207,494.74348040033976
2.670353755551324,0.8246680715673207,422.3174959850948
2.748893571891069,0.8246680715673207,436.81681048423536
2.827433388230814,0.8246680715673207,443.30137179083704
2.9059732045705586,0.8246680715673207,416.3203950944194
2.9845130209103035,0.8246680715673207,441.214521228614
3.0630528372500483,0.8246680715673207,428.0758584782802
3.141592653589793,0.8246680715673207,423.0827644379963
0.0,0.8639379797371931,425.14115764870155
0.07853981633974483,0.8639379797371931,441.5887757729743
0.15707963267948966,0.8639379797371931,440.8570069854402
0.23561944901923448,0.8639379797371931,374.9437676762393
0.3141592653589793,0.8639379797371931,361.5392268720085
0.39269908169872414,0.8639379797371931,417.9208666146577
0.47123889803846897,0.8639379797371931,353.4551680081006
0.5497787143782138,0.8639379797371931,400.6383805693065
0.6283185307179586,0.8639379797371931,361.5881124750588
0.7068583470577035,0.8639379797371931,369.71467926280775
0.7853981633974483,0.8639379797371931,364.4391132621659
0.8639379797371931,0.8639379797371931,461.477344722716
0.9424777960769379,0.8639379797371931,381.60074113262124
1.0210176124166828,0.8639379797371931,424.1129019643563
1.0995574287564276,0.8639379797371931,444.7449507596429
1.1780972450961724,0.8639379797371931,403.63835753986575
1.2566370614359172,0.8639379797371931,397.92773414609053
1.335176877775662,0.8639379797371931,353.8395496548727
1.413716694115407,0.8639379797371931,400.5839530449385
1.4922565104551517,0.8639379797371931,435.9278981600894
1.5707963267948966,0.8639379797371931,346.9045852370252
1.6493361431346414,0.8639379797371931,469.4406671908482
1.7278759594743862,0.8639379797371931,446.2090178008398
1.806415775814131,0.8639379797371931,456.6590691580716
1.8849555921538759,0.8639379797371931,383.3105623327302
1.9634954084936207,0.8639379797371931,384.8135927119529
2.0420352248333655,0.8639379797371931,443.67015309195017
2.1205750411731104,0.8639379797371931,437.32313612883604
2.199114857512855,0.8639379797371931,391.0791793518458
2.2776546738526,0.8639379797371931,443.60811107511313
2.356194490192345,0.8639379797371931,447.3433501532876
2.4347343065320897,0.8639379797371931,397.29813378775543
2.5132741228718345,0.8639379797371931,438.10834277217486
2.5918139392115793,0.8639379797371931,497.5804231697717
2.670353755551324,0.8639379797371931,423.1890764795588
2.748893571891069,0.8639379797371931,434.4451241397021
2.827433388230814,0.8639379797371931,440.83052084010313
2.9059732045705586,0.8639379797371931,412.98415684432825
2.9845130209103035,0.8639379797371931,442.8858682648332
3.0630528372500483,0.8639379797371931,427.5598479978996
3.141592653589793,0.8639379797371931,414.91214683073224
0.0,0.9032078879070655,425.1411576487016
0.07853981633974483,0.9032078879070655,442.69505149871435
0.15707963267948966,0.9032078879070655,445.18835992386346
0.23561944901923448,0.9032078879070655,372.5276473264663
0.3141592653589793,0.9032078879070655,361.2195032694326
0.39269908169872414,0.9032078879070655,417.7047353074176
0.47123889803846897,0.9032078879070655,350.12573157517386
0.5497787143782138,0.9032078879070655,405.1552193724404
0.6283185307179586,0.9032078879070655,361.7038398399194
0.7068583470577035,0.9032078879070655,373.0053574786565
0.7853981633974483,0.9032078879070655,369.24054764124276
0.8639379797371931,0.9032078879070655,460.6361404642205
0.9424777960769379,0.9032078879070655,382.5462378121296
1.0210176124166828,0.9032078879070655,426.3439358972463
1.0995574287564276,0.9032078879070655,442.91818861344484
1.1780972450961724,0.9032078879070655,407.4860956122503
1.2566370614359172,0.9032078879070655,399.14165169781654
1.335176877775662,0.9032078879070655,358.8251528921195
1.413716694115407,0.9032078879070655,403.2138710242855
1.4922565104551517,0.9032078879070655,435.87727343936444
1.5707963267948966,0.9032078879070655,352.84510726557573
1.6493361431346414,0.9032078879070655,461.6967444757398
1.7278759594743862,0.9032078879070655,448.3352290729751
1.806415775814131,0.9032078879070655,454.52241186142373
1.8849555921538759,0.9032078879070655,384.93409258461656
1.9634954084936207,0.9032078879070655,383.7199818007248
2.0420352248333655,0.9032078879070655,448.12845571544085
2.1205750411731104,0.9032078879070655,433.65660536405113
2.199114857512855,0.9032078879070655,390.87728625383386
2.2776546738526,0.9032078879070655,447.09529249187307
2.356194490192345,0.9032078879070655,444.9589823196359
2.4347343065320897,0.9032078879070655,397.20383298394927
2.5132741228718345,0.9032078879070655,433.81078147010726
2.5918139392115793,0.9032078879070655,499.44455399353274
2.670353755551324,0.9032078879070655,424.06354960610054
2.748893571891069,0.9032078879070655,432.0158928280241
2.827433388230814,0.9032078879070655,438.22487485672616
2.9059732045705586,0.9032078879070655,409.8817336167788
2.9845130209103035,0.9032078879070655,444.294875077216
3.0630528372500483,0.9032078879070655,427.0263597844492
3.141592653589793,0.9032078879070655,407.0702445121881
0.0,0.9424777960769379,425.14115764870184
0.07853981633974483,0.9424777960769379,443.5359618347013
0.15707963267948966,0.9424777960769379,449.10286915582867
0.23561944901923448,0.9424777960769379,370.8735325402082
0.3141592653589793,0.9424777960769379,361.7285421502726
0.39269908169872414,0.9424777960769379,417.59166572067323
0.47123889803846897,0.9424777960769379,347.8784656583679
0.5497787143782138,0.9424777960769379,409.7599588323572
0.6283185307179586,0.9424777960769379,362.62599790916227
0.7068583470577035,0.9424777960769379,376.8402713719217
0.7853981633974483,0.9424777960769379,374.578198416555
0.8639379797371931,0.9424777960769379,459.37250839224515
0.9424777960769379,0.9424777960769379,384.0010096389585
1.0210176124166828,0.9424777960769379,428.47684589107104
1.0995574287564276,0.9424777960769379,440.9319775272521
1.1780972450961724,0.9424777960769379,411.41673715646675
1.2566370614359172,0.9424777960769379,400.642817153493
1.335176877775662,0.9424777960769379,364.473312474331
1.413716694115407,0.9424777960769379,406.0264780681216
1.4922565104551517,0.9424777960769379,435.6913382754715
1.5707963267948966,0.9424777960769379,359.489202507474
1.6493361431346414,0.9424777960769379,453.7728364939595
1.7278759594743862,0.9424777960769379,450.0861710285775
1.806415775814131,0.9424777960769379,452.08950117818983
1.8849555921538759,0.9424777960769379,387.0112685493111
1.9634954084936207,0.9424777960769379,383.1962777140626
2.0420352248333655,0.9424777960769379,452.1276699136353
2.1205750411731104,0.9424777960769379,430.01720146748266
2.199114857512855,0.9424777960769379,391.12076153899307
2.2776546738526,0.9424777960769379,450.17258633578535
2.356194490192345,0.9424777960769379,442.40986323863456
2.4347343065320897,0.9424777960769379,397.47013118639876
2.5132741228718345,0.9424777960769379,429.56179375819266
2.5918139392115793,0.9424777960769379,500.289971427614
2.670353755551324,0.9424777960769379,424.91938194844795
2.748893571891069,0.9424777960769379,429.58893080735345
2.827433388230814,0.9424777960769379,435.54859659101976
2.9059732045705586,0.9424777960769379,407.08951136777415
2.9845130209103035,0.9424777960769379,445.4068470561321
3.0630528372500483,0.9424777960769379,426.4885317080981
3.141592653589793,0.9424777960769379,399.75015012165784
0.0,0.9817477042468103,425.1411576487017
0.07853981633974483,0.9817477042468103,444.0908007754536
0.15707963267948966,0.9817477042468103,452.5041465521034
0.23561944901923448,0.9817477042468103,370.0221527839338
0.3141592653589793,0.9817477042468103,363.0538094205258
0.39269908169872414,0.9817477042468103,417.5844413518536
0.47123889803846897,0.9817477042468103,346.7687051192464
0.5497787143782138,0.9817477042468103,414.3392145285875
0.6283185307179586,0.9817477042468103,364.33187967663474
0.7068583470577035,0.9817477042468103,381.12499288025924
0.7853981633974483,0.9817477042468103,380.3206419480847
0.8639379797371931,0.9817477042468103,457.71756384140883
0.9424777960769379,0.9817477042468103,385.9292361552557
1.0210176124166828,0.9817477042468103,430.4591130985258
1.0995574287564276,0.9817477042468103,438.83522552775486
1.1780972450961724,0.9817477042468103,415.3334979533371
1.2566370614359172,0.9817477042468103,402.3942667336372
1.335176877775662,0.9817477042468103,370.6449547269958
1.413716694115407,0.9817477042468103,408.95251831297236
1.4922565104551517,0.9817477042468103,435.3746698382653
1.5707963267948966,0.9817477042468103,366.67327341011713
1.6493361431346414,0.9817477042468103,445.86405763191544
1.7278759594743862,0.9817477042468103,451.4187293764899
1.806415775814131,0.9817477042468103,449.4202442436762
1.8849555921538759,0.9817477042468103,389.4909418256354
1.9634954084936207,0.9817477042468103,383.255376330674
2.0420352248333655,0.9817477042468103,455.5693193236438
2.1205750411731104,0.9817477042468103,426.4945408741361
2.199114857512855,0.9817477042468103,391.80361038549995
2.2776546738526,0.9817477042468103,452.7642183346269
2.356194490192345,0.9817477042468103,439.7587550306371
2.4347343065320897,0.9817477042468103,398.0904666928171
2.5132741228718345,0.9817477042468103,425.4660051676943
2.5918139392115793,0.9817477042468103,500.09585799308434
2.670353755551324,0.9817477042468103,425.7354987025458
2.748893571891069,0.9817477042468103,427.223995879589
2.827433388230814,0.9817477042468103,432.8675892071499
2.9059732045705586,0.9817477042468103,404.67623552749853
2.9845130209103035,0.9817477042468103,446.19440350268525
3.0630528372500483,0.9817477042468103,425.959609134768
3.141592653589793,0.9817477042468103,393.1321072556674
0.0,1.0210176124166828,425.1411576487017
0.07853981633974483,1.0210176124166828,444.3459063420547
0.15707963267948966,1.0210176124166828,455.308441476459
0.23561944901923448,1.0210176124166828,369.99447143296436
0.3141592653589793,1.0210176124166828,365.1626727708286
0.39269908169872414,1.0210176124166828,417.6832392587289
0.47123889803846897,1.0210176124166828,346.82377558380045
0.5497787143782138,1.0210176124166828,418.7802294109524
0.6283185307179586,1.0210176124166828,366.7794801438014
0.7068583470577035,1.0210176124166828,385.75401825243364
0.7853981633974483,1.0210176124166828,386.3264891906128
0.8639379797371931,1.0210176124166828,455.7120577011036
0.9424777960769379,1.0210176124166828,388.28343911197845
1.0210176124166828,1.0210176124166828,432.2419281284662
1.0995574287564276,1.0210176124166828,436.6795627783155
1.1780972450961724,1.0210176124166828,419.1399359095773
1.2566370614359172,1.0210176124166828,404.3528738043972
1.335176877775662,1.0210176124166828,377.18811685410805
1.413716694115407,1.0210176124166828,411.9199427539996
1.4922565104551517,1.0210176124166828,434.9350640625205
1.5707963267948966,1.0210176124166828,374.22042701204947
1.6493361431346414,1.0210176124166828,438.1651501523793
1.7278759594743862,1.0210176124166828,452.300091738958
1.806415775814131,1.0210176124166828,446.58036804234996
1.8849555921538759,1.0210176124166828,392.3120527979516
1.9634954084936207,1.0210176124166828,383.89582314271667
2.0420352248333655,1.0210176124166828,458.3686560077465
2.1205750411731104,1.0210176124166828,423.1753660256526
2.199114857512855,1.0210176124166828,392.9090192319221
2.2776546738526,1.0210176124166828,454.80637252416824
2.356194490192345,1.0210176124166828,437.0709295719988
2.4347343065320897,1.0210176124166828,399.04955897389243
2.5132741228718345,1.0210176124166828,421.62426933107747
2.5918139392115793,1.0210176124166828,498.8669927745676
2.670353755551324,1.0210176124166828,426.4918026166285
2.748893571891069,1.0210176124166828,424.9793179676533
2.827433388230814,1.0210176124166828,430.2478735019318
2.9059732045705586,1.0210176124166828,402.7013183111429
2.9845130209103035,1.0210176124166828,446.6381518339824
3.0630528372500483,1.0210176124166828,425.4526187673696
3.141592653589793,1.0210176124166828,387.3790722811963
0.0,1.0602875205865552,425.1411576487014
0.07853981633974483,1.0602875205865552,444.2949969854332
0.15707963267948966,1.0602875205865552,457.4467030036626
0.23561944901923448,1.0602875205865552,370.79116958618977
0.3141592653589793,1.0602875205865552,368.0032051911702
0.39269908169872414,1.0602875205865552,417.8856257047805
0.47123889803846897,1.0602875205865552,348.0423205970783
0.5497787143782138,1.0602875205865552,422.97365025591824
0.6283185307179586,1.0602875205865552,369.90853062547
0.7068583470577035,1.0602875205865552,390.6133658988953
0.7853981633974483,1.0602875205865552,392.44786710593746
0.8639379797371931,1.0602875205865552,453.405372989273
0.9424777960769379,1.0602875205865552,391.00565153425384
1.0210176124166828,1.0602875205865552,433.781392891372
1.0995574287564276,1.0602875205865552,434.5180702657821
1.1780972450961724,1.0602875205865552,422.74232577261193
1.2566370614359172,1.0602875205865552,406.47041079922394
1.335176877775662,1.0602875205865552,383.9416887448467
1.413716694115407,1.0602875205865552,414.855683331746
1.4922565104551517,1.0602875205865552,434.38334369535266
1.5707963267948966,1.0602875205865552,381.94483061806125
1.6493361431346414,1.0602875205865552,430.8656889820784
1.7278759594743862,1.0602875205865552,452.70855560354323
1.806415775814131,1.0602875205865552,443.63980098505954
1.8849555921538759,1.0602875205865552,395.40513413782867
1.9634954084936207,1.0602875205865552,385.10184906631787
2.0420352248333655,1.0602875205865552,460.45674724803973
2.1205750411731104,1.0602875205865552,420.141409465965
2.199114857512855,1.0602875205865552,394.4097697801686
2.2776546738526,1.0602875205865552,456.24876261753514
2.356194490192345,1.0602875205865552,434.4125613292862
2.4347343065320897,1.0602875205865552,400.32378496645777
2.5132741228718345,1.0602875205865552,418.13118462023544
2.5918139392115793,1.0602875205865552,496.63363374721825
2.670353755551324,1.0602875205865552,427.1696688630412
2.748893571891069,1.0602875205865552,422.9101653177146
2.827433388230814,1.0602875205865552,427.7539622198111
2.9059732045705586,1.0602875205865552,401.2133758586216
2.9845130209103035,1.0602875205865552,446.72716509491835
3.0630528372500483,1.0602875205865552,424.98004786742763
3.141592653589793,1.0602875205865552,382.63270182027696
0.0,1.0995574287564276,425.1411576487012
0.07853981633974483,1.0995574287564276,443.9393262589689
0.15707963267948966,1.0995574287564276,458.8662801816655
0.23561944901923448,1.0995574287564276,372.3926292982833
0.3141592653589793,1.0995574287564276,371.50546358495393
0.39269908169872414,1.0995574287564276,418.18661609206055
0.47123889803846897,1.0995574287564276,350.39433502630345
0.5497787143782138,1.0995574287564276,426.81622031018657
0.6283185307179586,1.0995574287564276,373.64198276877823
0.7068583470577035,1.0995574287564276,395.58338299446723
0.7853981633974483,1.0995574287564276,398.5340597209236
0.8639379797371931,1.0995574287564276,450.85430887367863
0.9424777960769379,1.0995574287564276,394.02884505257316
1.0210176124166828,1.0995574287564276,435.03960151147714
1.0995574287564276,1.0995574287564276,432.4039727616959
1.1780972450961724,1.0995574287564276,426.05196694574
1.2566370614359172,1.0995574287564276,408.69473674260496
1.335176877775662,1.0995574287564276,390.7393800129563
1.413716694115407,1.0995574287564276,417.687452111623
1.4922565104551517,1.0995574287564276,433.7330918153981
1.5707963267948966,1.0995574287564276,389.65628759670165
1.6493361431346414,1.0995574287564276,424.1454137338194
1.7278759594743862,1.0995574287564276,452.63406271375476
1.806415775814131,1.0995574287564276,440.6709510318725
1.8849555921538759,1.0995574287564276,398.6940213338635
1.9634954084936207,1.0995574287564276,386.8437587235604
2.0420352248333655,1.0995574287564276,461.78217292189606
2.1205750411731104,1.0995574287564276,417.46738129358
2.199114857512855,1.0995574287564276,396.2689091970141
2.2776546738526,1.0995574287564276,457.0558702307973
2.356194490192345,1.0995574287564276,431.8490979780296
2.4347343065320897,1.0995574287564276,401.8817607950356
2.5132741228718345,1.0995574287564276,415.07276480775965
2.5918139392115793,1.0995574287564276,493.4507727296675
2.670353755551324,1.0995574287564276,427.7524036563485
2.748893571891069,1.0995574287564276,421.06748363110694
2.827433388230814,1.0995574287564276,425.4472714939929
2.9059732045705586,1.0995574287564276,400.24903122324577
2.9845130209103035,1.0995574287564276,446.4592510185294
3.0630528372500483,1.0995574287564276,424.55353675582654
3.141592653589793,1.0995574287564276,379.0098647073439
0.0,1.1388273369263,425.14115764870144
0.07853981633974483,1.1388273369263,443.2876519518723
0.15707963267948966,1.1388273369263,459.53221847189866
0.23561944901923448,1.1388273369263,374.75941664227844
0.3141592653589793,1.1388273369263,375.5832109986908
0.39269908169872414,1.1388273369263,418.57879770576255
0.47123889803846897,1.1388273369263,353.82190388997236
0.5497787143782138,1.1388273369263,430.2133218196747
0.6283185307179586,1.1388273369263,377.8879057439443
0.7068583470577035,1.1388273369263,400.5416917252861
0.7853981633974483,1.1388273369263,404.43521917686337
0.8639379797371931,1.1388273369263,448.12168208212137
0.9424777960769379,1.1388273369263,397.27858035424083
1.0210176124166828,1.1388273369263,435.98557368995733
1.0995574287564276,1.1388273369263,430.38932824158746
1.1780972450961724,1.1388273369263,428.9873675776588
1.2566370614359172,1.1388273369263,410.97108113508074
1.335176877775662,1.1388273369263,397.41381458731615
1.413716694115407,1.1388273369263,420.3455212543629
1.4922565104551517,1.1388273369263,433.0003173853352
1.5707963267948966,1.1388273369263,397.16492062901307
1.6493361431346414,1.1388273369263,418.1698029043414
1.7278759594743862,1.1388273369263,452.0784467399146
1.806415775814131,1.1388273369263,437.74692275891346
1.8849555921538759,1.1388273369263,402.09772813065536
1.9634954084936207,1.1388273369263,389.07866163518105
2.0420352248333655,1.1388273369263,462.31229166307924
2.1205750411731104,1.1388273369263,415.2191295262263
2.199114857512855,1.1388273369263,398.44066001163304
2.2776546738526,1.1388273369263,457.2078194754995
2.356194490192345,1.1388273369263,429.44364892646445
2.4347343065320897,1.1388273369263,403.6851145975821
2.5132741228718345,1.1388273369263,412.52432110738846
2.5918139392115793,1.1388273369263,489.39678130844493
2.670353755551324,1.1388273369263,428.2256553249566
2.748893571891069,1.1388273369263,419.496641634921
2.827433388230814,1.1388273369263,423.38460852956683
2.9059732045705586,1.1388273369263,399.83201268325934
2.9845130209103035,1.1388273369263,445.84100600975046
3.0630528372500483,1.1388273369263,424.18359216446686
3.141592653589793,1.1388273369263,376.59976430643917
0.0,1.1780972450961724,425.1411576487015
0.07853981633974483,1.1780972450961724,442.3560204433767
0.15707963267948966,1.1780972450961724,459.42812044501454
0.23561944901923448,1.1780972450961724,377.8332527078791
0.3141592653589793,1.1780972450961724,380.1360400603245
0.39269908169872414,1.1780972450961724,419.0525122480767
0.47123889803846897,1.1780972450961724,358.24062842048573
0.5497787143782138,1.1780972450961724,433.08130583835157
0.6283185307179586,1.1780972450961724,382.5417498916218
0.7068583470577035,1.1780972450961724,405.36620263363596
0.7853981633974483,1.1780972450961724,410.00605539227854
0.8639379797371931,1.1780972450961724,445.274780139574
0.9424777960769379,1.1780972450961724,400.6748401155438
1.0210176124166828,1.1780972450961724,436.5960175367052
1.0995574287564276,1.1780972450961724,428.52374603326484
1.1780972450961724,1.1780972450961724,431.47625114689515
1.2566370614359172,1.1780972450961724,413.24339258602436
1.335176877775662,1.1780972450961724,403.8006520314782
1.413716694115407,1.1780972450961724,422.7644399486469
1.4922565104551517,1.1780972450961724,432.20306107286797
1.5707963267948966,1.1780972450961724,404.28584709150346
1.6493361431346414,1.1780972450961724,413.0859992259345
1.7278759594743862,1.1780972450961724,451.0553881317578
1.806415775814131,1.1780972450961724,434.93971727098494
1.8849555921538759,1.1780972450961724,405.5324406973019
1.9634954084936207,1.1780972450961724,391.7515283196245
2.0420352248333655,1.1780972450961724,462.03404463126066
2.1205750411731104,1.1780972450961724,413.45201867594955
2.199114857512855,1.1780972450961724,400.8715473044696
2.2776546738526,1.1780972450961724,456.7008663826885
2.356194490192345,1.1780972450961724,427.2554314237681
2.4347343065320897,1.1780972450961724,405.6894314255805
2.5132741228718345,1.1780972450961724,410.54860774491743
2.5918139392115793,1.1780972450961724,484.5714810756761
2.670353755551324,1.1780972450961724,428.5777677142042
2.748893571891069,1.1780972450961724,418.23631397933843
2.827433388230814,1.1780972450961724,421.61677276718297
2.9059732045705586,1.1780972450961724,399.97256957822674
2.9845130209103035,1.1780972450961724,444.8876527232924
3.0630528372500483,1.1780972450961724,423.8793284972156
3.141592653589793,1.1780972450961724,375.4617420462772
0.0,1.2173671532660448,425.1411576487018
0.07853981633974483,1.2173671532660448,441.1673715876561
0.15707963267948966,1.2173671532660448,458.5565495388996
0.23561944901923448,1.2173671532660448,381.5384486262774
0.3141592653589793,1.2173671532660448,385.0518453400991
0.39269908169872414,1.2173671532660448,419.59609366669076
0.47123889803846897,1.2173671532660448,363.54170424589745
0.5497787143782138,1.2173671532660448,435.34955194927016
0.6283185307179586,1.2173671532660448,387.4889210883149
0.7068583470577035,1.2173671532660448,409.9381208621429
0.7853981633974483,1.2173671532660448,415.10941348796837
0.8639379797371931,1.2173671532660448,442.38370451870014
0.9424777960769379,1.2173671532660448,404.13399928183344
1.0210176124166828,1.2173671532660448,436.855903087279
1.0995574287564276,1.2173671532660448,426.8531652576122
1.1780972450961724,1.2173671532660448,433.45733613247023
1.2566370614359172,1.2173671532660448,415.4557189863641
1.335176877775662,1.2173671532660448,409.74263411182216
1.413716694115407,1.2173671532660448,424.88464602931646
1.4922565104551517,1.2173671532660448,431.3609510460794
1.5707963267948966,1.2173671532660448,410.84373145007794
1.6493361431346414,1.2173671532660448,409.01918650330623
1.7278759594743862,1.2173671532660448,449.59007726442303
1.806415775814131,1.2173671532660448,432.31845928416124
1.8849555921538759,1.2173671532660448,408.91358142225926
1.9634954084936207,1.2173671532660448,394.796545293834
2.0420352248333655,1.2173671532660448,460.95427709827175
2.1205750411731104,1.2173671532660448,412.2095664596857
2.199114857512855,1.2173671532660448,403.5017154323401
2.2776546738526,1.2173671532660448,455.5474911071087
2.356194490192345,1.2173671532660448,425.3383125143223
2.4347343065320897,1.2173671532660448,407.8453469515533
2.5132741228718345,1.2173671532660448,409.19427672187646
2.5918139392115793,1.2173671532660448,479.09368569716895
2.670353755551324,1.2173671532660448,428.8000672188597
2.748893571891069,1.2173671532660448,417.31752896832495
2.827433388230814,1.2173671532660448,420.18730497160664
2.9059732045705586,1.2173671532660448,400.6672200536703
2.9845130209103035,1.2173671532660448,443.62266523499466
3.0630528372500483,1.2173671532660448,423.6482433713428
3.141592653589793,1.2173671532660448,375.62381625731314
0.0,1.2566370614359172,425.14115764870155
0.07853981633974483,1.2566370614359172,439.7509738585184
0.15707963267948966,1.2566370614359172,456.93896693709917
0.23561944901923448,1.2566370614359172,385.78376928637806
0.3141592653589793,1.2566370614359172,390.2095837562514
0.39269908169872414,1.2566370614359172,420.1961554217536
0.47123889803846897,1.2566370614359172,369.5946005190252
0.5497787143782138,1.2566370614359172,436.9622071805886
0.6283185307179586,1.2566370614359172,392.6076024403988
0.7068583470577035,1.2566370614359172,414.14487127364316
0.7853981633974483,1.2566370614359172,419.61965088683564
0.8639379797371931,1.2566370614359172,439.5196445009383
0.9424777960769379,1.2566370614359172,407.57088418076177
1.0210176124166828,1.2566370614359172,436.7588323831799
1.0995574287564276,1.2566370614359172,425.4187236408192
1.1780972450961724,1.2566370614359172,434.88184494950906
1.2566370614359172,1.2566370614359172,417.5535852368043
1.335176877775662,1.2566370614359172,415.0934569746314
1.413716694115407,1.2566370614359172,426.65393259776886
1.4922565104551517,1.2566370614359172,430.4947196808456
1.5707963267948966,1.2566370614359172,416.67710257006553
1.6493361431346414,1.2566370614359172,406.069507150123
1.7278759594743862,1.2566370614359172,447.7185941722736
1.806415775814131,1.2566370614359172,429.9476950335345
1.8849555921538759,1.2566370614359172,412.1578915169629
1.9634954084936207,1.2566370614359172,398.1387356112087
2.0420352248333655,1.2566370614359172,459.099569932362
2.1205750411731104,1.2566370614359172,411.52237221422337
2.199114857512855,1.2566370614359172,406.26640186765735
2.2776546738526,1.2566370614359172,453.7760906411002
2.356194490192345,1.2566370614359172,423.7394827394413
2.4347343065320897,1.2566370614359172,410.0997630528922
2.5132741228718345,1.2566370614359172,408.4946798209379
2.5918139392115793,1.2566370614359172,473.09827533328814
2.670353755551324,1.2566370614359172,428.8870763772127
2.748893571891069,1.2566370614359172,416.76290457153493
2.827433388230814,1.2566370614359172,419.1314150471165
2.9059732045705586,1.2566370614359172,401.8988369245993
2.9845130209103035,1.2566370614359172,442.0771910361567
3.0630528372500483,1.2566370614359172,423.4960329665539
3.141592653589793,1.2566370614359172,377.08199228937497
0.0,1.2959069696057897,425.14115764870166
0.07853981633974483,1.2959069696057897,438.1417036624796
0.15707963267948966,1.2959069696057897,454.61520312192636
0.23561944901923448,1.2959069696057897,390.46467985151736
0.3141592653589793,1.2959069696057897,395.48225505519133
0.39269908169872414,1.2959069696057897,420.83792011777325
0.47123889803846897,1.2959069696057897,376.25027402484517
0.5497787143782138,1.2959069696057897,437.8795612986538
0.6283185307179586,1.2959069696057897,397.77175382723345
0.7068583470577035,1.2959069696057897,417.88287042058903
0.7853981633974483,1.2959069696057897,423.4257309337539
0.8639379797371931,1.2959069696057897,436.75312425146956
0.9424777960769379,1.2959069696057897,410.900869766549
1.0210176124166828,1.2959069696057897,436.3071970028933
1.0995574287564276,1.2959069696057897,424.2557445517245
1.1780972450961724,1.2959069696057897,435.71470499490323
1.2566370614359172,1.2959069696057897,419.48533460729675
1.335176877775662,1.2959069696057897,419.72137358650014
1.413716694115407,1.2959069696057897,428.0287335314604
1.4922565104551517,1.2959069696057897,429.62569308046585
1.5707963267948966,1.2959069696057897,421.64232963604206
1.6493361431346414,1.2959069696057897,404.30959632584904
1.7278759594743862,1.2959069696057897,445.48702014353233
1.806415775814131,1.2959069696057897,427.8858029173481
1.8849555921538759,1.2959069696057897,415.18548114746
1.9634954084936207,1.2959069696057897,401.6958050337559
2.0420352248333655,1.2959069696057897,456.51558512964937
2.1205750411731104,1.2959069696057897,411.40736340174124
2.199114857512855,1.2959069696057897,409.09753186099397
2.2776546738526,1.2959069696057897,451.4302796044964
2.356194490192345,1.2959069696057897,422.4982942438884
2.4347343065320897,1.2959069696057897,412.3971553398611
2.5132741228718345,1.2959069696057897,408.4670473517855
2.5918139392115793,1.2959069696057897,466.7328754500369
2.670353755551324,1.2959069696057897,428.8366487672357
2.748893571891069,1.2959069696057897,416.5860915291545
2.827433388230814,1.2959069696057897,418.47511498090097
2.9059732045705586,1.2959069696057897,403.63706954288955
2.9845130209103035,1.2959069696057897,440.2892840832385
3.0630528372500483,1.2959069696057897,423.4264517285516
3.141592653589793,1.2959069696057897,379.80036089691515
0.0,1.335176877775662,425.14115764870166
0.07853981633974483,1.335176877775662,436.3791865659242
0.15707963267948966,1.335176877775662,451.6424771143767
0.23561944901923448,1.335176877775662,395.46591975994465
0.3141592653589793,1.335176877775662,400.74002897686654
0.39269908169872414,1.335176877775662,421.50558338374833
0.47123889803846897,1.335176877775662,383.3448391241476
0.5497787143782138,1.335176877775662,438.0790246138175
0.6283185307179586,1.335176877775662,402.85421543462064
0.7068583470577035,1.335176877775662,421.06007710892743
0.7853981633974483,1.335176877775662,426.4339568610095
0.8639379797371931,1.335176877775662,434.1522662709499
0.9424777960769379,1.335176877775662,414.041963354255
1.0210176124166828,1.335176877775662,435.51211916480656
1.0995574287564276,1.335176877775662,423.3928672068689
1.1780972450961724,1.335176877775662,435.9354122294235
1.2566370614359172,1.335176877775662,421.2034006990234
1.335176877775662,1.335176877775662,423.5124377343136
1.413716694115407,1.335176877775662,428.9751962289895
1.4922565104551517,1.335176877775662,428.77526597710664
1.5707963267948966,1.335176877775662,425.6171587813237
1.6493361431346414,1.335176877775662,403.7827933907646
1.7278759594743862,1.335176877775662,442.950303051186
1.806415775814131,1.335176877775662,426.1835560128158
1.8849555921538759,1.335176877775662,417.9217966128582
1.9634954084936207,1.335176877775662,405.3801683796091
2.0420352248333655,1.335176877775662,453.26594150769233
2.1205750411731104,1.335176877775662,411.86737875968555
2.199114857512855,1.335176877775662,411.92539466113635
2.2776546738526,1.335176877775662,448.56781632728433
2.356194490192345,1.335176877775662,421.64529189627393
2.4347343065320897,1.335176877775662,414.6809404316244
2.5132741228718345,1.335176877775662,409.1120638595844
2.5918139392115793,1.335176877775662,460.154221798988
2.670353755551324,1.335176877775662,428.65002188307756
2.748893571891069,1.335176877775662,416.79143726207485
2.827433388230814,1.335176877775662,418.2345782647027
2.9059732045705586,1.335176877775662,405.8390912798792
2.9845130209103035,1.335176877775662,438.3029677877648
3.0630528372500483,1.335176877775662,423.4412198819198
3.141592653589793,1.335176877775662,383.71198246916384
0.0,1.3744467859455345,425.1411576487018
0.07853981633974483,1.3744467859455345,434.5068215821955
0.15707963267948966,1.3744467859455345,448.0939875504315
0.23561944901923448,1.3744467859455345,400.66434082860076
0.3141592653589793,1.3744467859455345,405.85344210414456
0.39269908169872414,1.3744467859455345,422.18270304153157
0.47123889803846897,1.3744467859455345,390.70360316723725
0.5497787143782138,1.3744467859455345,437.5556842221189
0.6283185307179586,1.3744467859455345,407.7298388592692
0.7068583470577035,1.3744467859455345,423.59825875314016
0.7853981633974483,1.3744467859455345,428.57027878079384
0.8639379797371931,1.3744467859455345,431.78111398365525
0.9424777960769379,1.3744467859455345,416.91682353569956
1.0210176124166828,1.3744467859455345,434.3931778523027
1.0995574287564276,1.3744467859455345,422.85134146060386
1.1780972450961724,1.3744467859455345,435.5385360321636
1.2566370614359172,1.3744467859455345,422.66547868896413
1.335176877775662,1.3744467859455345,426.3733097070679
1.413716694115407,1.3744467859455345,429.4700151762071
1.4922565104551517,1.3744467859455345,427.96437494460747
1.5707963267948966,1.3744467859455345,428.503723343816
1.6493361431346414,1.3744467859455345,404.50207471924705
1.7278759594743862,1.3744467859455345,440.1709043594548
1.806415775814131,1.3744467859455345,424.8828718593494
1.8849555921538759,1.3744467859455345,420.2994561319771
1.9634954084936207,1.3744467859455345,409.1011061505735
2.0420352248333655,1.3744467859455345,449.4306482450854
2.1205750411731104,1.3744467859455345,412.8910983594717
2.199114857512855,1.3744467859455345,414.6803600185708
2.2776546738526,1.3744467859455345,445.25918066832116
2.356194490192345,1.3744467859455345,421.20146127975136
2.4347343065320897,1.3744467859455345,416.89486931293106
2.5132741228718345,1.3744467859455345,410.4138512436725
2.5918139392115793,1.3744467859455345,453.5243010722712
2.670353755551324,1.3744467859455345,428.33178668975415
2.748893571891069,1.3744467859455345,417.3738788628244
2.827433388230814,1.3744467859455345,418.41574156835844
2.9059732045705586,1.3744467859455345,408.4506542177671
2.9845130209103035,1.3744467859455345,436.1671510187103
3.0630528372500483,1.3744467859455345,423.539981029925
3.141592653589793,1.3744467859455345,388.7205353323511
0.0,1.413716694115407,425.1411576487015
0.07853981633974483,1.413716694115407,432.57071254389496
0.15707963267948966,1.413716694115407,444.05711028612916
0.23561944901923448,1.413716694115407,405.9319395766138
0.3141592653589793,1.413716694115407,410.6965856791762
0.39269908169872414,1.413716694115407,422.85260397972445
0.47123889803846897,1.413716694115407,398.1453680123577
0.5497787143782138,1.413716694115407,436.3224249862542
0.6283185307179586,1.413716694115407,412.2785686860313
0.7068583470577035,1.413716694115407,425.4349177172794
0.7853981633974483,1.413716694115407,429.7821168997488
0.8639379797371931,1.413716694115407,429.69805476553506
0.9424777960769379,1.413716694115407,419.4546645647157
1.0210176124166828,1.413716694115407,432.97792670478634
1.0995574287564276,1.413716694115407,422.64450454496097
1.1780972450961724,1.413716694115407,434.53385289625714
1.2566370614359172,1.413716694115407,423.8355670170972
1.335176877775662,1.413716694115407,428.2335545746423
1.413716694115407,1.413716694115407,429.5010058081639
1.4922565104551517,1.413716694115407,427.2129828937518
1.5707963267948966,1.413716694115407,430.23095362596496
1.6493361431346414,1.413716694115407,406.4497341491557
1.7278759594743862,1.413716694115407,437.21726112097394
1.806415775814131,1.413716694115407,424.0157802937681
1.8849555921538759,1.413716694115407,422.25990903486814
1.9634954084936207,1.413716694115407,412.76699833643073
2.0420352248333655,1.413716694115407,445.1041348382327
2.1205750411731104,1.413716694115407,414.4533222964489
2.199114857512855,1.413716694115407,417.29459270642315
2.2776546738526,1.413716694115407,441.58583858879655
2.356194490192345,1.413716694115407,421.1777120693067
2.4347343065320897,1.413716694115407,418.98441246185087
2.5132741228718345,1.413716694115407,412.34035970229587
2.5918139392115793,1.413716694115407,447.00636226243665
2.670353755551324,1.413716694115407,427.8897746055292
2.748893571891069,1.413716694115407,418.31906780192935
2.827433388230814,1.413716694115407,419.014158473846
2.9059732045705586,1.413716694115407,411.407425078829
2.9845130209103035,1.413716694115407,433.9344238089435
3.0630528372500483,1.413716694115407,423.72031088552194
3.141592653589793,1.413716694115407,394.7026875371547
0.0,1.4529866022852793,425.14115764870166
0.07853981633974483,1.4529866022852793,430.6185328735598
0.15707963267948966,1.4529866022852793,439.63124691236465
0.23561944901923448,1.4529866022852793,411.13900910260924
0.3141592653589793,1.4529866022852793,415.1502058921454
0.39269908169872414,1.4529866022852793,423.4987887636912
0.47123889803846897,1.4529866022852793,405.48689173115326
0.5497787143782138,1.4529866022852793,434.40961227683374
0.6283185307179586,1.4529866022852793,416.38839865920517
0.7068583470577035,1.4529866022852793,426.52483020912825
0.7853981633974483,1.4529866022852793,430.0396560628352
0.8639379797371931,1.4529866022852793,427.9543822425302
0.9424777960769379,1.4529866022852793,421.5929993195567
1.0210176124166828,1.4529866022852793,431.30121554582945
1.0995574287564276,1.4529866022852793,422.77745264380246
1.1780972450961724,1.4529866022852793,432.9461056739923
1.2566370614359172,1.4529866022852793,424.68485386643306
1.335176877775662,1.4529866022852793,429.04737647261754
1.413716694115407,1.4529866022852793,429.0674045364998
1.4922565104551517,1.4529866022852793,426.53958754330483
1.5707963267948966,1.4529866022852793,430.7563268227941
1.6493361431346414,1.4529866022852793,409.5778189359046
1.7278759594743862,1.4529866022852793,434.1621008353932
1.806415775814131,1.4529866022852793,423.60363475291604
1.8849555921538759,1.4529866022852793,423.7548775042313
1.9634954084936207,1.4529866022852793,416.2875803923969
2.0420352248333655,1.4529866022852793,440.39292598401573
2.1205750411731104,1.4529866022852793,416.51559114913596
2.199114857512855,1.4529866022852793,419.7037228417043
2.2776546738526,1.4529866022852793,437.6382362122755
2.356194490192345,1.4529866022852793,421.5746095159276
2.4347343065320897,1.4529866022852793,420.8981026415703
2.5132741228718345,1.4529866022852793,414.84415687720355
2.5918139392115793,1.4529866022852793,440.7608969406955
2.670353755551324,1.4529866022852793,427.3348646946951
2.748893571891069,1.4529866022852793,419.60372327877343
2.827433388230814,1.4529866022852793,420.0151088719269
2.9059732045705586,1.4529866022852793,414.6365694964294
2.9845130209103035,1.4529866022852793,431.65976241941127
3.0630528372500483,1.4529866022852793,423.9777769188587
3.141592653589793,1.4529866022852793,401.5111337299263
0.0,1.4922565104551517,425.1411576487015
0.07853981633974483,1.4922565104551517,428.69835170582826
0.15707963267948966,1.4922565104551517,434.9253771561327
0.23561944901923448,1.4922565104551517,416.1573329061123
0.3141592653589793,1.4922565104551517,419.10464030302217
0.39269908169872414,1.4922565104551517,424.10534387102643
0.47123889803846897,1.4922565104551517,412.54740063913346
0.5497787143782138,1.4922565104551517,431.8643442858288
0.6283185307179586,1.4922565104551517,419.95812965710087
0.7068583470577035,1.4922565104551517,426.8411598348335
0.7853981633974483,1.4922565104551517,429.3365797514528
0.8639379797371931,1.4922565104551517,426.59303326020455
0.9424777960769379,1.4922565104551517,423.27917792504917
1.0210176124166828,1.4922565104551517,429.40433225472407
1.0995574287564276,1.4922565104551517,423.246915388303
1.1780972450961724,1.4922565104551517,430.8143942996594
1.2566370614359172,1.4922565104551517,425.1924266077841
1.335176877775662,1.4922565104551517,428.79474618964184
1.413716694115407,1.4922565104551517,428.17988755458316
1.4922565104551517,1.4922565104551517,425.96076596974024
1.5707963267948966,1.4922565104551517,430.06691402925367
1.6493361431346414,1.4922565104551517,413.80931047677166
1.7278759594743862,1.4922565104551517,431.08065066313026
1.806415775814131,1.4922565104551517,423.65658646413414
1.8849555921538759,1.4922565104551517,424.74754536608526
1.9634954084936207,1.4922565104551517,419.57616584015193
2.0420352248333655,1.4922565104551517,435.41301864014696
2.1205750411731104,1.4922565104551517,419.0271329302426
2.199114857512855,1.4922565104551517,421.84843087805103
2.2776546738526,1.4922565104551517,433.51357276408106
2.356194490192345,1.4922565104551517,422.3823606486785
2.4347343065320897,1.4922565104551517,422.58880229167585
2.5132741228718345,1.4922565104551517,417.8635957669127
2.5918139392115793,1.4922565104551517,434.9416874323649
2.670353755551324,1.4922565104551517,426.6807158181301
2.748893571891069,1.4922565104551517,421.19620551602304
2.827433388230814,1.4922565104551517,421.39396132821935
2.9059732045705586,1.4922565104551517,418.05854561675324
2.9845130209103035,1.4922565104551517,429.3991756466444
3.0630528372500483,1.4922565104551517,424.306047452848
3.141592653589793,1.4922565104551517,408.978222329667
0.0,1.5315264186250241,425.1411576487014
0.07853981633974483,1.5315264186250241,426.85745026585926
0.15707963267948966,1.5315264186250241,430.0553754362245
0.23561944901923448,1.5315264186250241,420.8633420105114
0.3141592653589793,1.5315264186250241,422.46251809188345
0.39269908169872414,1.5315264186250241,424.6573315495208
0.47123889803846897,1.5315264186250241,419.15304054993584
0.5497787143782138,1.5315264186250241,428.74929232266993
0.6283185307179586,1.5315264186250241,422.8998615593266
0.7068583470577035,1.5315264186250241,426.3761183946285
0.7853981633974483,1.5315264186250241,427.69022546326295
0.8639379797371931,1.5315264186250241,425.647530624755
0.9424777960769379,1.5315264186250241,424.47168414861335
1.0210176124166828,1.5315264186250241,427.333986111472
1.0995574287564276,1.5315264186250241,424.0413363642164
1.1780972450961724,1.5315264186250241,428.1912129927176
1.2566370614359172,1.5315264186250241,425.3457867403697
1.335176877775662,1.5315264186250241,427.48189429276
1.413716694115407,1.5315264186250241,426.8603079573342
1.4922565104551517,1.5315264186250241,425.49076645019807
1.5707963267948966,1.5315264186250241,428.1796985463655
1.6493361431346414,1.5315264186250241,419.04002073228503
1.7278759594743862,1.5315264186250241,428.0487850893362
1.806415775814131,1.5315264186250241,424.1733344708647
1.8849555921538759,1.5315264186250241,425.2134646575294
1.9634954084936207,1.5315264186250241,422.55178076469406
2.0420352248333655,1.5315264186250241,430.28702584836486
2.1205750411731104,1.5315264186250241,421.9261132126927
2.199114857512855,1.5315264186250241,423.6759082422249
2.2776546738526,1.5315264186250241,429.3134072274948
2.356194490192345,1.5315264186250241,423.58105553368887
2.4347343065320897,1.5315264186250241,424.0148643109432
2.5132741228718345,1.5315264186250241,421.324332650918
2.5918139392115793,1.5315264186250241,429.6920201964841
2.670353755551324,1.5315264186250241,425.9434303367916
2.748893571891069,1.5315264186250241,423.05729488093175
2.827433388230814,1.5315264186250241,423.1167794966135
2.9059732045705586,1.5315264186250241,421.5890628657322
2.9845130209103035,1.5315264186250241,427.2083257059513
3.0630528372500483,1.5315264186250241,424.69704752080105
3.141592653589793,1.5315264186250241,416.92008369742507
0.0,1.5707963267948966,425.14115764870155
0.07853981633974483,1.5707963267948966,425.14115764870155
0.15707963267948966,1.5707963267948966,425.14115764870155
0.23561944901923448,1.5707963267948966,425.14115764870155
0.3141592653589793,1.5707963267948966,425.14115764870155
0.39269908169872414,1.5707963267948966,425.14115764870155
0.47123889803846897,1.5707963267948966,425.14115764870155
0.5497787143782138,1.5707963267948966,425.14115764870155
0.6283185307179586,1.5707963267948966,425.14115764870155
0.7068583470577035,1.5707963267948966,425.14115764870155
0.7853981633974483,1.5707963267948966,425.14115764870155
0.8639379797371931,1.5707963267948966,425.14115764870155
0.9424777960769379,1.5707963267948966,425.14115764870155
1.0210176124166828,1.5707963267948966,425.14115764870155
1.0995574287564276,1.5707963267948966,425.14115764870155
1.1780972450961724,1.5707963267948966,425.14115764870155
1.2566370614359172,1.5707963267948966,425.14115764870155
1.335176877775662,1.5707963267948966,425.1411576487016
1.413716694115407,1.5707963267948966,425.14115764870155
1.4922565104551517,1.5707963267948966,425.14115764870155
1.5707963267948966,1.5707963267948966,425.14115764870155
1.6493361431346414,1.5707963267948966,425.14115764870155
1.7278759594743862,1.5707963267948966,425.14115764870155
1.806415775814131,1.5707963267948966,425.14115764870155
1.8849555921538759,1.5707963267948966,425.14115764870155
1.9634954084936207,1.5707963267948966,425.14115764870155
2.0420352248333655,1.5707963267948966,425.14115764870155
2.1205750411731104,1.5707963267948966,425.14115764870155
2.199114857512855,1.5707963267948966,425.14115764870155
2.2776546738526,1.5707963267948966,425.14115764870155
2.356194490192345,1.5707963267948966,425.14115764870155
2.4347343065320897,1.5707963267948966,425.14115764870155
2.5132741228718345,1.5707963267948966,425.14115764870155
2.5918139392115793,1.5707963267948966,425.1411576487016
2.670353755551324,1.5707963267948966,425.14115764870155
2.748893571891069,1.5707963267948966,425.14115764870155
2.827433388230814,1.5707963267948966,425.14115764870155
2.9059732045705586,1.5707963267948966,425.14115764870155
2.9845130209103035,1.5707963267948966,425.1411576487016
3.0630528372500483,1.5707963267948966,425.14115764870155
3.141592653589793,1.5707963267948966,425.14115764870155
