J_A_g^-1,bootstrap_id,V0,Rs,Csp_F_g^-1,A,tau_s,effective_IR_drop_mV
1,1,0.24743105955210076,0.00986690234586576,86.61790197210779,1.1204013132232712e-12,8.999999999974566,9.86690234586576
1,2,0.24743370244323606,0.009869980469389025,89.55446446479482,0.003758222478716694,8.999972850390522,9.869980469389025
1,3,0.24743334955972698,0.00986199679584489,88.74509479066683,0.0027807592880016744,8.833776227808876,9.86199679584489
1,4,0.24742799736991083,0.009857274969302797,86.84496657039602,3.959013875497883e-05,0.11217973677441131,9.857274969302797
1,5,0.24744065762165196,0.00983551336963126,88.86674745178853,0.003083867162769419,8.654235958520596,9.83551336963126
1,6,0.24743470050249716,0.009866831722620827,86.66411322373445,8.449339696157725e-11,8.999999999999918,9.866831722620827
1,7,0.24744381379972732,0.009866712238539266,86.61341826332539,1.2750210480029858e-09,8.999999999995087,9.866712238539266
1,8,0.24741578654600055,0.00989036493282473,86.81828089257033,2.2718721657177553e-16,0.00028360065350518937,9.89036493282473
1,9,0.24742726297122047,0.009866956676022286,86.63952762374969,3.5831419810136393e-13,8.999999999999076,9.866956676022287
1,10,0.24743179151706077,0.009862481861386605,86.53738011796786,4.209423017557118e-06,8.907773803539266,9.862481861386605
1,11,0.2474378230303584,0.009866790788264551,86.68360458559668,2.8364586905617734e-14,0.004694841755187085,9.86679078826455
1,12,0.24741961103735408,0.009867029504289847,86.74134033402198,1.0387703057454235e-12,7.031274310415737,9.867029504289848
1,13,0.24740608549979703,0.009866673071208861,87.14363170486793,0.00044379036294556494,8.99995580080496,9.866673071208862
1,14,0.24745174018314303,0.009866608147723634,87.96631382940012,0.0018150975479340312,8.999999999998629,9.866608147723634
1,15,0.24741565811586427,0.009890854922998961,86.7459732553413,8.702482296938306e-08,8.999999999884851,9.890854922998962
1,16,0.24749202179224253,0.009844708456637662,86.66869115510208,8.717976097839274e-05,0.2864692017940677,9.844708456637662
1,17,0.24748931313776967,0.009833204809626891,86.79951957232286,0.00013245227702100702,0.3060004342765363,9.833204809626892
1,18,0.2474408599985559,0.0098597531401619,90.63129237266845,0.005188987794366586,8.999999747793481,9.8597531401619
1,19,0.24750447713479168,0.009777719320333653,86.73859114770393,0.0001926702864400325,0.019226855247890123,9.777719320333652
1,20,0.2474133894942592,0.009867111129500554,86.76034429361523,7.472887873218256e-07,0.00012054907520031577,9.867111129500554
1,21,0.2474623513633311,0.009845739994642142,86.71349503937317,7.86526920129051e-05,0.03873226839823136,9.845739994642143
1,22,0.247450812404992,0.009866735965032855,86.49421194219111,9.694666932664605e-11,8.999999999740945,9.866735965032856
1,23,0.24744116953691575,0.00986674690511851,87.66954643896254,0.001364784061995545,8.975869743772819,9.86674690511851
1,24,0.2474169556632021,0.009885687214575166,86.78107505447346,3.8098188550631577e-08,8.999999999871752,9.885687214575166
1,25,0.2474570155641143,0.009804152043541969,86.64280035552027,8.675892486525378e-05,0.000106379274335211,9.804152043541968
1,26,0.24742035966779793,0.00987207462614196,86.711315776044,6.038162336147068e-07,0.00010308700199956888,9.87207462614196
1,27,0.24744374632184518,0.009866713123229067,86.58212835804852,5.341015521350352e-10,8.999999999990301,9.866713123229067
1,28,0.24741469962028345,0.00989469482691196,86.78173047813331,2.1608588955182364e-07,8.999999999701707,9.89469482691196
1,29,0.24741456813816118,0.009867095920512573,86.75538006924981,6.500338818790731e-13,0.00010779444817510253,9.867095920512574
1,30,0.24742545845610805,0.009866953474994172,86.70379455312504,6.092487820297763e-07,0.00010184183491190879,9.866953474994173
1,31,0.24743840014469504,0.00986678320220414,86.68369442943968,2.287807757910886e-14,0.0015646006244391941,9.86678320220414
1,32,0.24741882917788263,0.009887815119824228,87.51545722942483,0.000976680664310033,8.99999943839116,9.887815119824229
1,33,0.2474271122621817,0.009860079401614012,87.68911309010636,0.0014203716003951376,8.943096249036449,9.860079401614012
1,34,0.2474697324942777,0.009866375754089952,87.53238814247332,0.0014499726276124296,8.99999974384542,9.866375754089953
1,35,0.24744828322151705,0.009875948080309688,86.54165936805403,1.2444854277100934e-06,8.999999999973836,9.875948080309689
1,36,0.247418887714216,0.009877949992443466,86.70768546165333,5.1498443429362504e-09,8.999999999989106,9.877949992443467
1,37,0.24743377608638167,0.009850620971050359,86.64363087066873,2.6405265674784397e-05,0.24066080173520657,9.85062097105036
1,38,0.24742483125468295,0.009862761385279677,87.58344028873402,0.0012391558624672192,8.954121193072801,9.862761385279677
1,39,0.24742470747836984,0.009871221042274697,87.25166059618361,0.0007379973287066048,8.999858795970477,9.871221042274698
1,40,0.24744724887490785,0.009858452421143629,87.82912155752146,0.000623102156133053,2.5452680536390826,9.858452421143628
1,41,0.2474453910692893,0.009831272614579384,86.66916040194924,6.736569748476786e-05,0.2034511901563103,9.831272614579385
1,42,0.24742878413480163,0.009873068972859214,86.67160296584076,1.3409282192748882e-05,0.45243953841696155,9.873068972859214
1,43,0.24741838745957712,0.009867036142148107,87.49951830496569,0.0010199457108823007,8.999995700433924,9.867036142148107
1,44,0.24744227370857141,0.009871182049660409,89.61830308532609,0.0038444598117305905,8.966715932814717,9.871182049660408
1,45,0.24741686393479595,0.009886050367167618,86.82097230076293,3.2279116997360355e-09,8.99999999999402,9.886050367167618
1,46,0.24742489517859179,0.009867073884479,86.60389991497158,1.405190085105051e-08,8.999152184183108,9.867073884479
1,47,0.24744969234007816,0.009867370806788869,86.55216362836116,3.481309259833298e-09,8.999999710939935,9.867370806788868
1,48,0.24746359474501897,0.009866297990306323,87.66312734297952,0.0015171305882083427,8.999999724475318,9.866297990306323
1,49,0.2474314720020136,0.009867700527470404,86.63527696216946,1.8691767934814574e-06,8.999878846891951,9.867700527470404
1,50,0.2474611368715283,0.009862093597867662,87.22243131035702,0.00021802923273786507,1.112526762140376,9.862093597867663
1,51,0.2474406477076528,0.009859507358218509,91.59776598879117,0.006205039777403587,8.785770617599301,9.859507358218508
1,52,0.247417239732247,0.009884551974567909,86.75172723661892,4.644965625156772e-07,8.999999998979868,9.88455197456791
1,53,0.24744363085138205,0.009866714636975249,87.95626624755887,0.0017595727626274456,8.86341169894728,9.86671463697525
1,54,0.24742101831719102,0.00986979633181015,86.67855933344507,5.585530636859563e-07,0.000984044733309375,9.86979633181015
1,55,0.24741405982545217,0.009867102368931173,86.73118880716753,1.1343539235328326e-12,6.262893594393204,9.867102368931173
1,56,0.24742066764117615,0.009867015706231181,86.70284539061431,5.112419368370862e-11,8.99269418117072,9.86701570623118
1,57,0.24743577425846427,0.009856146846764086,89.15016792149054,0.003388608009434343,8.99999958659355,9.856146846764085
1,58,0.2474683747246873,0.009866390221962108,90.96604267421013,0.005663114600163494,8.999928432660912,9.866390221962108
1,59,0.2474218208041099,0.009881316812929645,87.65808049318002,0.0012251178448731996,8.940054305795558,9.881316812929645
1,60,0.2474341230936071,0.00988505523723597,89.07045983979106,0.003034647204114315,8.998232870948362,9.88505523723597
1,61,0.24742526115501395,0.009866955470463424,86.72713490526937,2.302009010761152e-13,4.801492581555237,9.866955470463424
1,62,0.24744407735137564,0.009863574824605882,86.51188843002208,2.885154255254821e-08,8.999956826425409,9.863574824605882
1,63,0.24742264040464473,0.009867218150788507,86.57847189349943,3.3095547148143513e-11,8.999999997637575,9.867218150788506
1,64,0.247418021097515,0.009881420372247094,86.73979611400824,3.976028138467773e-08,8.999999999847319,9.881420372247094
1,65,0.2474260819001689,0.009870307905385641,86.64770779105815,1.510910327751696e-08,8.999999999998947,9.87030790538564
1,66,0.24742989228879989,0.009864533430614855,86.5687153906573,5.314094580057978e-14,5.2113949110922135,9.864533430614854
1,67,0.2474204540183985,0.009871635209328659,86.71166756225004,8.8169233398686e-12,8.98940553416723,9.871635209328659
1,68,0.2474187391650102,0.009882745986940653,86.82399541825606,0.0001254180900637863,6.457032208144947,9.882745986940652
1,69,0.24741667132715756,0.009886821336299456,86.76214186934232,3.30674823141306e-07,8.999999999429045,9.886821336299455
1,70,0.247401560333529,0.009867721091520329,88.11081269580909,0.0016103221748592612,8.999999999988177,9.867721091520329
1,71,0.2474250125130947,0.009868483649853056,87.90939720602408,0.0016032881975040112,8.773660857918179,9.868483649853056
1,72,0.2474250655803659,0.009866981327710037,86.63796482131258,2.6483921757550934e-07,8.99999999954835,9.866981327710036
1,73,0.2474278805367487,0.009866702446206426,88.22169455113499,0.002086355402553638,8.999967523008312,9.866702446206427
1,74,0.24753488951716612,0.009860209158556607,86.74351941731551,0.00013466154455347743,0.051127937486985645,9.860209158556607
1,75,0.24745493946544891,0.009852672934461475,86.7935434223502,7.005376955515895e-05,0.3868958020174914,9.852672934461475
1,76,0.2474347696322763,0.009866830826316291,86.63748180334157,1.4262092736329095e-11,7.031273121312364,9.866830826316292
1,77,0.24742055333276897,0.009867017204899253,86.74949327222991,7.835170809775901e-05,8.999999999999103,9.867017204899252
1,78,0.24744765166871685,0.009869832133787629,87.23448515884019,0.0002913404697052766,2.310613556359968,9.869832133787629
1,79,0.2476020621069791,0.009864837060315589,86.69903103461444,0.00019089320405767918,0.021366484127668225,9.864837060315589
1,80,0.24743307188187708,0.009852031131936629,86.68165497854723,6.075564355880291e-05,0.8818386711844455,9.852031131936629
2,1,0.2555553275782118,0.009751374961692958,260.83487866812095,0.15583317599852645,8.99999992227834,19.502749923385917
2,2,0.25557825684000024,0.009732980372263233,290.0996533851584,0.16388642033114134,8.999936882011704,19.465960744526466
2,3,0.2555798751860477,0.009732631846127628,272.25496624299893,0.159361171271194,8.999999976028477,19.465263692255256
2,4,0.2555582366417769,0.009732914750906452,263.40726882634976,0.1567429907253591,8.999997271629477,19.465829501812905
2,5,0.25557994611032947,0.009743486736769327,159.58673672502155,0.07467852436356398,5.9337022000332444,19.486973473538654
2,6,0.25557563803398786,0.009732687243217368,269.3754753990117,0.15850756027470322,8.999999974218614,19.465374486434737
2,7,0.25559740373274564,0.009732402670273936,275.7787052073339,0.160458373683914,8.999995461719545,19.464805340547873
2,8,0.25556568551227227,0.009749472124186412,272.01213764870994,0.15905058268560543,8.999999976312408,19.498944248372823
2,9,0.2556143423719345,0.00973218121839217,280.9099187876145,0.16180476013351347,8.999999977470367,19.46436243678434
2,10,0.2555814175390068,0.009734328455672007,283.2355210713412,0.1616482110653561,8.959419959427805,19.468656911344016
2,11,0.2555101328841875,0.009733543739221745,254.73358592459658,0.1537490560028697,8.99999996183287,19.467087478443492
2,12,0.255607540092825,0.00973227015187412,280.6342914520366,0.16167939112617274,8.999999879172227,19.46454030374824
2,13,0.25558310361625425,0.009732347582199562,124.71110037588686,0.03580287596739743,3.9033201614007833,19.464695164399124
2,14,0.2555356087418174,0.009749089189961297,251.70984648495502,0.1529961259833392,8.999999998893818,19.498178379922596
2,15,0.25561358721629557,0.00973219109136964,280.08391437609043,0.16160417445903497,8.999999975326034,19.464382182739282
2,16,0.2555927504255163,0.009732463319128309,276.3925466181129,0.16043525951724233,8.99999995920034,19.464926638256618
2,17,0.2555953471480692,0.009724041311159035,129.86626007769596,0.04117079650206164,4.173903596477025,19.448082622318072
2,18,0.25557646000951983,0.009745467103052578,282.12583472902355,0.1619531464461956,8.999973757901321,19.490934206105155
2,19,0.25550946268769836,0.00973355265042486,244.20976359415928,0.15049155125208197,8.999999978991957,19.467105300849717
2,20,0.25557763087852964,0.00973266118800864,279.82910090296343,0.16124440031756754,8.999999983772911,19.46532237601728
2,21,0.25558669019189767,0.009722808772931526,126.73707913019437,0.03799986784773161,4.017435950064361,19.44561754586305
2,22,0.2555850102587788,0.009719718035433632,124.20282502221173,0.03520210040221072,3.849967302214952,19.439436070867263
2,23,0.25558692168852987,0.009723890094776725,144.87974712568433,0.05803844618170382,5.0908533530873665,19.447780189553452
2,24,0.2555799011871936,0.009732631454371657,288.78299206244367,0.16344350165512134,8.99999996215818,19.465262908743313
2,25,0.25555223838001323,0.009732993241359402,256.7936461877407,0.1547634478037391,8.999999986564664,19.465986482718804
2,26,0.2555745950751149,0.009735377133723343,283.04727563005383,0.16210294781101867,8.99910520782759,19.470754267446686
2,27,0.2556020610985895,0.009732341730831196,292.7470107686188,0.16455125135713747,8.999999994679895,19.464683461662393
2,28,0.2556244096967235,0.00972151152851962,122.04483275142138,0.03168805655057019,3.526245100247574,19.44302305703924
2,29,0.2555941164560563,0.009731021588481192,157.61968742165692,0.07307085817575737,5.875055428050241,19.462043176962386
2,30,0.25553454077467486,0.009733224676343894,268.57632797549815,0.1579928427493727,8.999999961256192,19.46644935268779
2,31,0.25563833636683575,0.009728271632366328,145.95091742979898,0.059161027334566164,5.133301739802915,19.456543264732655
2,32,0.255572638536539,0.00973888587714853,276.0344467977061,0.1603393538183833,8.99999982978164,19.47777175429706
2,33,0.2555412184064381,0.009733137249416777,269.103781856585,0.15821709192182515,8.999999919176506,19.466274498833553
2,34,0.25557328684008485,0.009733614619944582,276.0344470582911,0.16033742790897265,8.999999958678673,19.467229239889164
2,35,0.2555846863417555,0.009723491943685863,287.1720347918945,0.16340975885509165,8.999736574089951,19.446983887371726
2,36,0.2555870890893416,0.00972744266639745,231.22378192629571,0.13121260920514816,7.9546249604211825,19.454885332794902
2,37,0.2555815500332303,0.009727512067689459,197.76350050130233,0.10953764160958697,7.303999475196393,19.455024135378917
2,38,0.2556006085623985,0.00971968846392975,174.7392864963381,0.08573305799058593,6.213177891949998,19.4393769278595
2,39,0.25555038511612543,0.009733017402140307,270.53774785975696,0.15864368807977858,8.9999999704143,19.466034804280614
2,40,0.2555374939031614,0.009733186019508655,254.5646591470986,0.15393683305329353,8.999996559222414,19.46637203901731
2,41,0.2556001664629662,0.009707146112408974,301.0938863839902,0.1669255887776636,8.99988364022315,19.41429222481795
2,42,0.25558550528025065,0.009732558241120572,278.0700044650208,0.1609190207606582,8.999999997912875,19.465116482241143
2,43,0.25558777121890747,0.009712044312362781,111.96028680744554,0.021488093325831962,2.8728747640870225,19.424088624725563
2,44,0.25556364673180315,0.009732844018311721,270.07013446408564,0.1586592061620667,8.999999872657803,19.465688036623444
2,45,0.25559915765028524,0.009732379693688077,287.48055121080387,0.1632879355879283,8.999999776923364,19.464759387376155
2,46,0.2555771263938719,0.009732445083953881,269.94173980140954,0.15876818998560477,8.998005004850674,19.46489016790776
2,47,0.2555970279548516,0.00973240554167567,197.78791612728372,0.11004930661302384,7.340614600364181,19.464811083351343
2,48,0.25558436920441824,0.00972902539550558,123.17036677534804,0.03431987923163224,3.820050458127003,19.45805079101116
2,49,0.25556141559489215,0.009732873189484098,264.65715153889306,0.15711630079164704,8.9999999830374,19.465746378968195
2,50,0.25552537257325203,0.009745704899477896,242.35510275030686,0.1499207243571295,8.999999958510049,19.491409798955793
2,51,0.25557991764124105,0.009724898613740962,130.43186851388415,0.04214481690700531,4.267407681998757,19.449797227481923
2,52,0.25555052055495303,0.00974494274709774,260.4135846682243,0.155785522544447,8.999999966288431,19.48988549419548
2,53,0.2555591265466677,0.00974752885682427,263.0908215694882,0.1565355226054429,8.999999982776417,19.49505771364854
2,54,0.25559770695202716,0.00973381015073108,243.106014768749,0.13833101240753715,8.180743018713578,19.46762030146216
2,55,0.25557923427577295,0.009741865940900256,286.1476279226657,0.16290888293316133,8.999902923145594,19.483731881800512
2,56,0.2555534063577456,0.009737732342285412,262.2644585651617,0.1564329657417386,8.999999592695215,19.475464684570824
2,57,0.2555788677696742,0.009726046644972843,108.73105472787559,0.01786686870399008,2.5764393369302647,19.452093289945687
2,58,0.25554897009153,0.009752108225819902,255.10415701226566,0.15404987600459605,8.999999968073558,19.504216451639802
2,59,0.2555751292596262,0.009730809581847685,276.13354543811755,0.16047234952229322,8.999999025621356,19.46161916369537
2,60,0.255585448786415,0.00972371074839746,291.34355682783314,0.16437182203875536,8.999992029996285,19.44742149679492
2,61,0.25561597080432646,0.009729618783921996,122.65618343301522,0.03249685503763432,3.5990978324114673,19.459237567843992
2,62,0.25558889184404177,0.009712321409956223,130.90427292101603,0.04300348976747221,4.317559649846389,19.424642819912446
2,63,0.25557989780111556,0.009744608783377878,284.0000504493329,0.16127593031188825,8.934400090125042,19.489217566755755
2,64,0.25558972638984223,0.009731016122404897,158.3567972525194,0.07350428845594098,5.878568911460454,19.462032244809794
2,65,0.25555323641902106,0.009732980124553346,268.843302744824,0.15821952807208853,8.999999939088125,19.46596024910669
2,66,0.25554824447867536,0.009733045390825014,261.2281041640272,0.15606620085388892,8.999999960671966,19.466090781650028
2,67,0.2555936238207916,0.00973245209494142,274.26028862166766,0.15998927084468015,8.9999999751376,19.46490418988284
2,68,0.25558181850320455,0.009720823464922418,292.74136282110106,0.1646731749167682,8.999985556411708,19.441646929844836
2,69,0.25564368376824387,0.009731797673678872,313.36741549059326,0.16939045716261278,8.999998767770196,19.463595347357742
2,70,0.25560576490389403,0.009717878364801466,116.44336113872214,0.026323390827367423,3.238280439967323,19.435756729602932
2,71,0.25559410126623966,0.009732445852822479,277.1036676824455,0.16073868300466956,8.999999961976984,19.464891705644956
2,72,0.2555851218566256,0.009716169417570754,108.52121137507753,0.017583739344905706,2.532797419254782,19.432338835141508
2,73,0.25557324780595797,0.009733917110097155,276.0344470553465,0.16033746448793104,8.999999951990608,19.46783422019431
2,74,0.25556889318676956,0.009719186640365578,120.22141841464989,0.030279177395216513,3.50838350774532,19.438373280731156
2,75,0.2555622053171316,0.009732862863983918,268.9132316862673,0.15831910054951756,8.999999871543219,19.465725727967836
2,76,0.2555762139319597,0.009732408907738762,275.977966177269,0.16035473829417046,8.999840174101314,19.464817815477524
2,77,0.25556505250177103,0.009732709243116346,262.6902342389358,0.15671452118620277,8.998418081342004,19.465418486232693
2,78,0.2555812537511476,0.009734512760056241,191.8903120011725,0.10434980208198795,7.105349554178541,19.46902552011248
2,79,0.2555717881463226,0.009732733957962878,267.65187354712657,0.1580906301435338,8.999999855334316,19.465467915925757
2,80,0.2555615410815353,0.009732871607359262,259.66935859571333,0.15562069727749256,8.99999998365392,19.465743214718525
3,1,0.2775740850958289,0.00963058976085551,81.95620281415975,0.00023444610266616883,0.10206967514385279,28.891769282566532
3,2,0.2774043794964418,0.009627870156545353,81.9319427589652,6.234235857518285e-11,0.0007539054068299578,28.88361046963606
3,3,0.27758980642339437,0.009641534776870136,82.13190751918332,0.00032420221275150044,0.31339750768666397,28.924604330610407
3,4,0.27746397576918935,0.00962540846503196,81.78089146794156,2.7818362253500508e-08,0.00010055648098727943,28.87622539509588
3,5,0.2774770572902791,0.009626901805525582,81.78074877075034,6.794080769346262e-10,8.999999999999993,28.880705416576745
3,6,0.27749550837454606,0.00962589063905303,84.1485206557057,0.010227808364303998,8.999924728522505,28.87767191715909
3,7,0.2774920521276079,0.00962670208843449,81.75736937486927,1.2398655672932918e-12,0.0032789124906216216,28.880106265303468
3,8,0.2774845171938987,0.009609981641399633,81.95378861241207,0.00014642847232028443,0.2771426192889806,28.8299449241989
3,9,0.27747317034447605,0.009626081448070754,81.75401116929439,2.010595473619588e-09,8.999998607265804,28.87824434421226
3,10,0.27747548516990594,0.009626921000345566,82.24598244580373,0.001994435332196418,8.999137581771297,28.880763001036694
3,11,0.2774902389812145,0.009626306075722374,83.4446880823081,0.007257305620065918,8.999880175151358,28.878918227167123
3,12,0.2779056778467793,0.009621190853006143,81.83194995532165,0.000451591582572114,0.00010000000080001873,28.86357255901843
3,13,0.2774594158597328,0.009626303283080142,81.80567487578452,2.0406099798628898e-08,8.99996308547759,28.878909849240426
3,14,0.2774821424330766,0.009622420879817739,82.06771810415232,0.00024623851555717456,0.9718867823438458,28.867262639453216
3,15,0.2774344268304159,0.009634193519241501,81.89071551136595,1.7900455118353695e-12,8.999999999999995,28.9025805577245
3,16,0.27752186140775104,0.009622794605102085,82.01429478432276,0.0003105832050006455,1.108509318067695,28.868383815306256
3,17,0.2774631287786226,0.00962708738056977,81.82315702057676,5.920357691163475e-12,8.999999999999998,28.88126214170931
3,18,0.2774534030522007,0.009614864132542488,82.88285470334507,0.004951369505086556,8.999874352753416,28.844592397627466
3,19,0.2774306766352557,0.009627519842481534,81.87784354544064,4.286455688657509e-07,0.00012102710298167452,28.8825595274446
3,20,0.27743554887358346,0.009634003199975483,81.8595444326953,7.971365068057469e-11,8.999999999998435,28.902009599926448
3,21,0.27744183302438924,0.009627404438552176,81.83291383319175,1.8727801378813754e-10,8.999999999999957,28.88221331565653
3,22,0.2774242689461292,0.009627605149419221,81.87805480666117,3.054783326698867e-13,0.00010053999828180116,28.882815448257663
3,23,0.27746868511910083,0.009627013347857483,81.81354855214549,1.123525560211923e-11,8.999999999999996,28.881040043572447
3,24,0.2774317566944571,0.009643713489287893,81.94386950566741,2.053856878601678e-10,0.0009795596861845723,28.931140467863678
3,25,0.277480181858276,0.00964195414783351,83.9130223540068,0.008949893565418124,8.999993743953436,28.92586244350053
3,26,0.277731847609243,0.009600825848304267,81.88377924214448,0.00039006420486446266,0.020549406260730343,28.8024775449128
3,27,0.27746661321403776,0.009626094677369116,81.7738385005942,5.3609057619778595e-09,8.999996436534767,28.87828403210735
3,28,0.27746242614955546,0.009627096743772762,82.05462699981541,0.0009762830920809818,8.857150443759803,28.88129023131829
3,29,0.2774636180931504,0.009627080860633394,81.83972053489755,6.733855903532893e-13,8.999999999999988,28.88124258190018
3,30,0.27761632163670885,0.009652104424515619,82.04698531852159,0.0002492597396262963,0.14934344608995595,28.956313273546858
3,31,0.27742762746714045,0.009627560400306963,81.8865354421818,4.59603046290194e-12,8.999999999999927,28.882681200920892
3,32,0.2774565609614436,0.009622219752123223,83.14407022225647,0.0059978060548903835,8.999998977025635,28.86665925636967
3,33,0.2774479537963705,0.009627327026672494,81.82231841396059,1.3451385328205044e-09,8.99999999999993,28.88198108001748
3,34,0.27751196019197555,0.009637362051065178,82.01631137249173,0.00015662070717498508,0.21006173109152343,28.912086153195535
3,35,0.2774268860935561,0.009627570366325782,81.89000007467067,2.502804936158099e-07,0.00011840010140939938,28.882711098977346
3,36,0.2775052501577358,0.009626526154388677,82.74214013689836,0.004256274295020606,8.999999999999739,28.87957846316603
3,37,0.27746558583590564,0.009626952386905424,81.79681414199567,2.874126347508353e-09,8.999999999999977,28.88085716071627
3,38,0.27745487855813167,0.009627197306471743,83.01355865300586,0.005169747085659063,8.999999999999737,28.88159191941523
3,39,0.2774296699978693,0.00962753318599801,81.8822916597639,7.546583098389944e-11,8.999999999999993,28.882599557994027
3,40,0.27786795530285824,0.009601897861891926,81.88636275604838,0.0005345830529993163,0.033860264367640364,28.80569358567578
3,41,0.27746727930643605,0.009592048320922506,81.82685891862187,0.00016157402585158077,0.1877093258918203,28.776144962767518
3,42,0.27752167063381294,0.009626619245250195,83.86120625354441,0.009150229089068774,8.999998640383193,28.879857735750583
3,43,0.27750800507744444,0.009626489448519732,81.83409549024682,0.0003697648791858984,8.999999999976025,28.879468345559197
3,44,0.2777320145922022,0.009600764203487332,81.88667044262284,0.00037414980591509827,0.03434498365168526,28.802292610461997
3,45,0.27744710954822993,0.009627300850407507,81.8722561721419,1.4697687634309525e-07,0.00013930957549490586,28.88190255122252
3,46,0.27740923812520596,0.009627805420117657,81.94010446976982,1.11365714148419e-11,0.012723595329537929,28.88341626035297
3,47,0.2774351460646999,0.009635366420788766,81.86819054462651,1.1799426412703696e-09,8.999999999998947,28.9060992623663
3,48,0.27748321880705523,0.009626283830766021,81.76277283504494,4.1368714860133847e-10,8.99999989479323,28.878851492298065
3,49,0.2774359611119288,0.00962892484317136,82.01637003691704,0.0007007721810304737,8.99999999997428,28.886774529514078
3,50,0.27738378830592514,0.009628144513691303,81.95991102984691,5.505668234088671e-19,8.990952071507987,28.88443354107391
3,51,0.27743563973666435,0.009629865883293579,81.82387042456534,5.274285221451429e-08,0.00010251675351471978,28.889597649880734
3,52,0.2774639524011031,0.009624532996997963,81.78176485686215,1.3310940659321658e-08,8.999925847090182,28.87359899099389
3,53,0.2774395554546571,0.009626388702847316,82.07888716903804,0.0010296995885790618,8.278272310414556,28.879166108541952
3,54,0.2774335390334863,0.009637363555600367,81.8987985518833,2.7551732845532044e-12,8.999999999999998,28.912090666801102
3,55,0.2774354126099357,0.009630676643335905,81.86933690966165,2.6287856169242107e-15,8.971899078902467,28.892029930007716
3,56,0.2775572190710576,0.009620820502779967,82.10195622604354,0.0004341842035410827,1.135467695830167,28.862461508339905
3,57,0.27748638941479054,0.009626778610198866,81.76916038788973,2.4379313764579073e-12,0.0004341176164750493,28.8803358305966
3,58,0.27773112874741696,0.009521691283604937,81.81938596115899,0.0005755541296490325,0.003955888221187968,28.565073850814812
3,59,0.27746395607683905,0.009627076357678163,81.80694805509359,2.963643232890424e-06,8.999999999864816,28.88122907303449
3,60,0.27743906006818747,0.009627414581232273,81.84861087308394,6.0847508053661104e-12,8.999999997150145,28.882243743696822
3,61,0.2774801511513796,0.009626860573265096,81.78436235034128,2.810131844582757e-07,8.999103694527108,28.880581719795288
3,62,0.2774806020270183,0.009642447754933123,81.98101959833009,7.85615195299835e-05,0.1613231245167645,28.927343264799372
3,63,0.2774322973415527,0.00964179312367997,81.92193041086638,4.4251701256244316e-16,6.757737370032864,28.92537937103991
3,64,0.27749950715816285,0.009626782431416733,82.28657443051746,0.0022285658215102384,8.999999996604249,28.880347294250196
3,65,0.27752273886460566,0.009621136821922322,81.97024927947743,0.0001761223788357917,0.31433315358924546,28.863410465766965
3,66,0.27749394339669564,0.009627008966310751,81.76995278573804,6.46256342448982e-09,8.999999898910712,28.88102689893225
3,67,0.27747476935879223,0.009596197415240051,81.98894652393943,0.0002601055656186288,0.45169169878809534,28.788592245720153
3,68,0.2775126516383915,0.009617586100013443,81.81006776463457,6.903617949624871e-05,0.18950247635539536,28.85275830004033
3,69,0.27745839437489533,0.00961468035555636,81.94110657696176,0.00010089517823009917,0.2006178167720873,28.84404106666908
3,70,0.27747119602800835,0.009608280295676098,84.7721628229589,0.013170511653432112,8.999940756422017,28.824840887028294
3,71,0.2775300505080005,0.00962619571496924,84.24988062962687,0.010906513229186869,8.895762462307621,28.878587144907723
3,72,0.2775139267723932,0.009629659418447066,83.07538047326112,0.0039670047118646025,6.015539555415392,28.888978255341197
3,73,0.27741674705261493,0.009627705376697979,81.89381215615171,1.9053116347715623e-19,0.00010417593666200986,28.883116130093935
3,74,0.2775215734896822,0.00962552953464863,85.09190692523904,0.014268610843950348,8.999834796545343,28.876588603945887
3,75,0.2774875690275366,0.009626761738502515,81.82402410078072,3.7718889728379625e-12,8.999999999999705,28.88028521550755
3,76,0.27743197358032873,0.009642947483977907,81.92866414429055,7.22559394415029e-12,8.999999999999996,28.928842451933722
3,77,0.27768833261383596,0.009316662539549906,81.85103883179461,0.0011874343309808523,0.0017646467828871225,27.94998761864972
3,78,0.2774570659687925,0.009627168162928173,81.8179476080172,8.837862310667543e-13,8.999999999998167,28.88150448878452
3,79,0.27745043208745174,0.009625270785889472,84.34874963259828,0.010876453023350828,8.999999843488283,28.875812357668416
3,80,0.27745857581701366,0.009626650186484197,81.8046478003528,2.680380705216812e-09,8.999999028286926,28.87995055945259
4,1,0.2777476801490083,0.00946305203176855,84.21266924982035,0.048808062081588666,8.999981098686302,37.8522081270742
4,2,0.27763578651139137,0.009467827981325047,76.12722630243606,1.914789240811057e-08,8.99998707364884,37.87131192530019
4,3,0.27783015190479293,0.009454430451226252,76.03883536486633,0.00017213057229662038,0.34388247319559834,37.81772180490501
4,4,0.27770687431759433,0.009464797523653057,76.33624030415031,0.0001479060858689676,0.5751634517966564,37.85919009461223
4,5,0.2778407015988092,0.009403802991541674,76.37735306779385,0.0005868708860810789,0.10044416715896609,37.6152119661667
4,6,0.2777638052574578,0.009463354339813851,88.17025842192322,0.06942737499131764,8.999942601281385,37.8534173592554
4,7,0.2777101507232312,0.00944931376205629,82.31181933397094,0.03900502509148251,8.98512626567257,37.79725504822516
4,8,0.27796035196184254,0.009428974709957712,76.28710103765201,0.00047117327225441733,0.03878640101375565,37.71589883983085
4,9,0.2775894583038381,0.00946644644003164,76.3004276353179,4.9758782194338704e-11,8.999999999999998,37.865785760126556
4,10,0.2776148682949606,0.00946596103369773,76.77332774654627,0.0033852894768513705,8.999151178287953,37.863844134790924
4,11,0.2777547486878601,0.009457323891773456,76.4344442898036,0.00035226802511302265,0.4571694834760419,37.82929556709382
4,12,0.27819727472977773,0.009392338793068366,76.29752869819944,0.0009316797172783326,0.01607173048306259,37.56935517227347
4,13,0.2776802543674503,0.00946430024199126,81.59303003221858,0.033503847837286486,8.983292686676203,37.85720096796504
4,14,0.277640096014805,0.009464007398540695,76.04682745346147,8.991802450286131e-09,6.772330036314111,37.856029594162784
4,15,0.27770057313230184,0.009464761492771433,77.3643373872203,0.008127601492755597,8.999999999979838,37.859045971085735
4,16,0.27763463018535184,0.009475672879761662,76.25209375778064,8.150851686583516e-10,0.0003172746400856852,37.90269151904665
4,17,0.277602525391529,0.0094644036695715,76.33288027180282,3.960720207614468e-05,0.12773238979829726,37.857614678286005
4,18,0.2776392983148906,0.009476748215075846,76.58225457666256,0.0019084692525936317,7.056469848241233,37.90699286030338
4,19,0.277722615824219,0.009464701547827189,76.11657020264788,3.6382213183954305e-11,0.0009045134198686355,37.85880619130876
4,20,0.2776804174348115,0.009457376589422336,81.27900912592962,0.03217375032726162,8.985217302345141,37.82950635768934
4,21,0.2776281580818993,0.0094659393042887,76.29786671135004,8.074034213661384e-12,8.998846200201283,37.8637572171548
4,22,0.2776901567042319,0.009452954411090932,76.41203822128253,0.000253976347063324,0.30646262193777296,37.81181764436373
4,23,0.27765117090047303,0.009445395134393747,76.27940072153795,0.00013107464790410432,0.09944497678363896,37.78158053757499
4,24,0.2776361967210309,0.009469906959043118,76.20626799603185,1.8387188025009083e-10,8.999999999999957,37.87962783617247
4,25,0.27763032439342805,0.009499115985774246,76.35690821922142,2.5336614057758475e-10,7.881237630526415,37.996463943096984
4,26,0.2776618258221073,0.00946549814494385,76.19864433182023,1.0526951562584075e-16,0.00010029422463517235,37.8619925797754
4,27,0.27770400726125044,0.009464945393880793,76.10452893115799,4.430511541435951e-12,0.002271981308761495,37.85978157552317
4,28,0.2777547056296224,0.00946414333593455,79.61205783077136,0.022848492677372396,8.999998893439859,37.856573343738205
4,29,0.2775705431299512,0.009466694304013056,76.367102692027,3.055737281252887e-19,0.00010857851892537296,37.86677721605222
4,30,0.2776771914832299,0.009465296930765617,76.18827149814302,5.831789999461621e-07,0.00010154395409833761,37.86118772306247
4,31,0.27776435094310736,0.009451060870697204,88.01632088953481,0.06963014375703792,8.999896250976429,37.80424348278882
4,32,0.2777352048966342,0.0094531179938169,76.62996479085204,0.0005311087988730829,0.46762681602851525,37.812471975267606
4,33,0.27830279082954906,0.009448787060411216,76.42401605452058,0.0008577781588625658,0.015506173321477568,37.79514824164487
4,34,0.27766618130458687,0.009465441022880385,76.25129895168891,1.0456266810589836e-15,0.00010000000518148587,37.861764091521536
4,35,0.27766992776650906,0.009464727200759089,83.02712042096014,0.04068447045888203,8.976235941744159,37.85890880303636
4,36,0.27755981728089146,0.009466834315444792,76.44284823508626,7.690480870863317e-17,0.00010000012331693158,37.86733726177917
4,37,0.27775089885868404,0.00947386257505525,76.81909892098412,0.0005406353424666329,0.387984765963853,37.895450300221
4,38,0.27763400959197393,0.009481427576896302,76.2606298575257,4.622798540143576e-09,8.99999999998844,37.925710307585206
4,39,0.27758770469562116,0.009466469419269487,76.31970928783286,1.9330117832457465e-11,8.999999999999998,37.86587767707795
4,40,0.2776723657202838,0.009465360011070253,76.14196236457389,1.6311717438067005e-13,8.999029790152633,37.86144004428101
4,41,0.2776696530742207,0.009465395612756002,76.47984690547706,0.0018035759732928202,8.979395604397023,37.861582451024006
4,42,0.27913378469714695,0.009470687105609872,76.4253339796626,0.0015352754723142307,0.0001000000000010753,37.882748422439484
4,43,0.2777878830908233,0.009463328461051825,86.2437210812975,0.06016582058389803,8.999990104409711,37.8533138442073
4,44,0.27894055706690973,0.009397107821304766,76.23835673583525,0.0015423519600001067,0.0006274558366426678,37.58843128521906
4,45,0.27767939709168915,0.009465267883716212,76.16311948718324,1.0853225938758657e-17,0.00018230570951516256,37.86107153486485
4,46,0.2776404497759042,0.009470067824530031,76.67771785845257,0.003153514876720623,8.950042648265807,37.88027129812013
4,47,0.2776978851716596,0.009463753684598812,77.58987702743325,0.009079378147844232,8.999994918440159,37.85501473839525
4,48,0.277697221987057,0.00946503430790133,76.14171693453612,3.948660356455079e-12,0.0003151996560735171,37.86013723160532
4,49,0.27765558658590367,0.009464708033834448,76.13182539366036,6.396148321978929e-07,8.93457915042006,37.85883213533779
4,50,0.277696964433293,0.009457401105318751,76.56379790221361,0.0004981878267932022,0.7015264162189582,37.829604421275
4,51,0.2777357189491403,0.009440004841412344,76.44924127441907,0.00041252798010335307,0.24700049098185867,37.76001936564938
4,52,0.27764220377149784,0.009452175088549496,80.5895417728373,0.014665234100434285,4.479524665269608,37.80870035419798
4,53,0.27782032121630273,0.009273648310873094,76.0963997111577,0.0008906544090832424,0.011399087941491512,37.094593243492376
4,54,0.27766634088727116,0.009465377120931788,76.10372932311603,3.3981866184397468e-09,8.99999999999996,37.86150848372715
4,55,0.27763971989145464,0.00946578780617404,76.2672096676447,1.6438318588028825e-15,7.011811107586098,37.86315122469616
4,56,0.2778216687765787,0.009463117440729116,82.53146674226817,0.04052456382573603,8.999931194825647,37.85246976291646
4,57,0.2777046259464197,0.009464937301063674,76.06117600587193,3.50341297352934e-07,8.948790010206057,37.8597492042547
4,58,0.2776392701925034,0.009476794963751483,76.56404148830781,0.0018287852562901316,6.967886389716444,37.907179855005936
4,59,0.2776616489165426,0.009472367403502836,78.27726275121869,0.013762802498953048,8.855925570342658,37.88946961401135
4,60,0.2777116977526662,0.009462316835275963,76.05592471548528,6.5052243243073e-12,0.00017393587092762175,37.849267341103854
4,61,0.2776575655446436,0.009455152416405196,77.5756474272045,0.01003028964939941,8.999900268508863,37.820609665620786
4,62,0.27781443007488876,0.00944998006924643,76.15449415984034,0.00018523170172071054,0.05728300546623564,37.799920276985716
4,63,0.27920702666236225,0.009421065919615744,76.15523736337771,0.0017084622647919724,0.0007054186882918448,37.684263678462976
4,64,0.2776896795140081,0.00946194236663606,75.98354361263229,2.044622045453138e-08,8.999984316077951,37.847769466544236
4,65,0.27770260376330486,0.009449815807469978,81.3118599980357,0.0336750602674617,8.986301192857763,37.79926322987991
4,66,0.2776664153626985,0.009451736866028848,78.48749733380605,0.01572034530647474,8.999463693682422,37.806947464115396
4,67,0.2777963408605274,0.00947344915458481,76.47829009297891,0.0003986742058793157,0.08816375279726779,37.893796618339245
4,68,0.278586679234581,0.00948725741095504,76.34452645227849,0.0009277098954425209,0.009913563483221276,37.94902964382016
4,69,0.2777913975981648,0.009475411318043005,78.33497989992061,0.0031058024779342806,1.3672538665003962,37.90164527217202
4,70,0.27763065720073066,0.009493110466030389,76.36040142651035,5.22010986629297e-13,8.999992338101622,37.972441864121556
4,71,0.277634670780069,0.00947886617304927,76.24165644457207,3.3602747726522984e-08,8.999999999966896,37.915464692197084
4,72,0.2776767815618083,0.009465311004430257,76.16221989341693,2.0142507479113636e-20,2.250122840062855,37.86124401772103
4,73,0.2778110194816988,0.009457009140985382,77.64378854085419,0.001895998137467194,1.027113243153079,37.82803656394153
4,74,0.2778068111173667,0.009193922932588493,76.1395114854886,0.001229519666674087,0.010503252172187599,36.77569173035397
4,75,0.2776425685806281,0.00946560363597684,76.12038935279142,1.57595360560109e-15,0.0005370550410042085,37.86241454390736
4,76,0.27860208472893533,0.009307616750389297,76.57849318409923,0.0017916159187315423,0.002991122879670236,37.23046700155719
4,77,0.27766773162855013,0.009477205285602695,79.32976656938962,0.01980311957662796,8.99998884785129,37.90882114241078
4,78,0.2778713313761717,0.009474277528837333,76.47448261883775,0.00034948374339112306,0.06799673246554093,37.897110115349335
4,79,0.27763155032743614,0.009465894867776948,76.21205133905318,1.8231295276576112e-12,8.999999999999998,37.86357947110779
4,80,0.2779502311440675,0.009454254374455144,77.19638207414167,0.0016307917387004792,0.8841249779124772,37.81701749782058
5,1,0.28274624522970443,0.00936886557722973,71.07420512882956,2.2881391610193635e-08,8.999999999992047,46.84432788614865
5,2,0.282819059762229,0.009338241702952655,70.86381822079012,4.5916201263642036e-09,8.999999442274452,46.691208514763275
5,3,0.28281741935048055,0.009322651827381182,78.37519519161894,0.06506799042395528,8.943255135982023,46.61325913690591
5,4,0.2827356882639127,0.00933957280827186,71.11458551704813,9.020543630839194e-10,8.999999999999991,46.697864041359296
5,5,0.282841613223225,0.009338193524165723,70.89944045753538,5.926929208957487e-13,8.991758583094473,46.69096762082861
5,6,0.2827656150376206,0.009339149059252368,70.96351923054984,2.7441301107247653e-10,8.999999969337317,46.69574529626185
5,7,0.28286047241313966,0.00935338310427141,85.70445408885693,0.11498035230398923,8.999898007557832,46.766915521357056
5,8,0.2828763257747193,0.009333669144504413,87.42987709230415,0.1255999565311662,8.90519534544775,46.66834572252206
5,9,0.28276728675666096,0.009335926624813936,70.85726913785616,1.2942938066210643e-07,8.999999999999932,46.67963312406968
5,10,0.2830851060448212,0.009282614311747662,70.94964099731916,0.0006082758499720658,0.05624023461510046,46.41307155873831
5,11,0.28295216033383097,0.009336301796212166,106.17215081129886,0.21796517988641603,8.886194063211876,46.68150898106083
5,12,0.2829449511696738,0.009335913786996155,83.19349655961909,0.09898217112694849,8.921188507621844,46.67956893498078
5,13,0.28283789324257536,0.009338241986623365,70.91524604998061,2.0920785809011782e-11,0.0005934266051497161,46.69120993311682
5,14,0.28287664251841677,0.00933194230405994,70.76581411817197,1.597205958859018e-09,8.999999926603511,46.6597115202997
5,15,0.283038424426967,0.009335201160836689,75.24312796711452,0.04229737273359653,8.97801923977519,46.67600580418345
5,16,0.2827660455111604,0.009363029500934606,70.97255508178411,6.873036356232897e-14,8.999999999999998,46.815147504673035
5,17,0.282759052052065,0.009344069814230077,70.9886249333589,5.116734950862345e-10,8.999999999999998,46.72034907115039
5,18,0.28291437555956883,0.00933644412108089,83.00459446547836,0.09752586397193173,8.938874688112206,46.682220605404446
5,19,0.2827626734384208,0.009339221362552897,70.99354381947427,7.564254896558161e-11,8.99999999999802,46.69610681276449
5,20,0.282741983816368,0.009376904020553512,71.23851545099582,1.780764636415845e-10,2.990028391565342,46.88452010276756
5,21,0.28286880534455605,0.009337273408573238,75.85329643357696,0.043389147774989534,8.999836914932976,46.68636704286619
5,22,0.28305181263269336,0.009293028398945656,71.92628155473774,0.001384297232872788,0.2732173874225966,46.46514199472828
5,23,0.2833464707063491,0.009329876789367465,70.90018542769343,0.0005392143050786697,0.15534003002546526,46.64938394683732
5,24,0.2826085745834848,0.009341227979147288,71.31472175277042,2.7421250425598777e-15,0.00010000625819970438,46.706139895736435
5,25,0.2826195016561689,0.009341085686073645,71.28255953877893,7.625851201489006e-11,8.99999999999989,46.70542843036822
5,26,0.28312088984253575,0.00934933795382658,155.88519228694335,0.36499718339434356,8.999898518312259,46.7466897691329
5,27,0.28399268802887,0.009328669655980238,71.40119766286777,0.001484665282178414,0.008086670106081014,46.6433482799012
5,28,0.2827522391801301,0.009341240805539785,71.26238059950073,0.0021734453857317946,7.058877406849539,46.70620402769893
5,29,0.28271466625388736,0.009337761572178355,80.94423617553285,0.0801526316899344,8.99987629338655,46.68880786089177
5,30,0.2827054189301744,0.009339966948343024,71.14210447924644,4.473208897330827e-11,8.999999999999993,46.699834741715115
5,31,0.282869751236839,0.009343920281483073,82.560975328027,0.07606015883341662,7.134293828770144,46.71960140741537
5,32,0.2827753981841592,0.009340392851881929,74.52713083240423,0.03167427595819678,8.99354623719139,46.70196425940964
5,33,0.282722308443602,0.009349194215394444,71.08433959116681,0.00011445936414679609,4.807988642863094,46.74597107697222
5,34,0.2827626113011933,0.009352966145478911,70.98144746504975,5.88297745168687e-18,0.00011526929884198012,46.76483072739455
5,35,0.28276398196287067,0.009337211309389665,70.79323124333601,1.3276323321198414e-08,8.999999999999996,46.68605654694832
5,36,0.2828220136794852,0.009338448740464071,70.93517527685937,1.2607188245853923e-12,8.995780969171644,46.692243702320354
5,37,0.2828454977796424,0.009354475957235889,83.39059809990941,0.1006614045380398,8.999974167202478,46.77237978617944
5,38,0.2827643171464269,0.009336795593208805,73.17099505097255,0.019995444710614388,8.9999997799716,46.683977966044026
5,39,0.2837156567625777,0.00941202462990595,71.30790725310253,0.0007939343360982359,0.01191941199732392,47.06012314952975
5,40,0.2828024581720854,0.009342907369218657,77.06631914699638,0.053315228800385986,8.999996621260177,46.71453684609328
5,41,0.2832700440764568,0.009281999915843664,70.63710401846963,0.0006257044313770433,0.06941762481029332,46.40999957921832
5,42,0.28275403817941996,0.009339333872071146,71.10386098764316,5.579440909370811e-13,0.00012569977047005576,46.69666936035573
5,43,0.28273843088347794,0.009339537096278822,71.14685322917352,1.92153812561539e-11,0.004733600758845213,46.69768548139411
5,44,0.28274320444656853,0.009368615823884681,71.206277995007,9.107980676192316e-15,8.996726085430344,46.84307911942341
5,45,0.2828284711105372,0.009338014797506726,75.5724316022097,0.039578764893165856,8.999991605047235,46.69007398753363
5,46,0.28280440804781337,0.00933144581966153,76.92808382022169,0.0529883169517955,8.999977064207654,46.657229098307646
5,47,0.2828711151605785,0.009345947970824138,88.52868086761987,0.13248038125006117,8.999945026348607,46.72973985412069
5,48,0.28290610964153196,0.009336795125818836,81.69336658901908,0.0880055554501825,8.999925206836304,46.683975629094185
5,49,0.282818238700049,0.009338187462760614,70.85582187611504,7.546763119583524e-09,8.999999169893218,46.69093731380307
5,50,0.28274682761456293,0.00935653540652734,71.07948672285738,1.1534515635627544e-08,8.99999999999121,46.7826770326367
5,51,0.28278132862906974,0.009336537629955895,70.84613939870272,4.555845581043583e-11,8.999999999999998,46.68268814977948
5,52,0.28281900079549976,0.009350572969099802,79.609466554632,0.07255204824199911,8.99998862410193,46.75286484549901
5,53,0.28284733032496384,0.009338119105405133,70.98127553102394,1.0192180870980095e-12,8.999999999999998,46.690595527025664
5,54,0.28277374040485137,0.009330442444505824,73.32679661547357,0.02283574647748093,8.909108651527776,46.652212222529116
5,55,0.2828563936703748,0.0093380010216562,70.81289894705408,2.1441284643133228e-10,8.999999974458424,46.690005108281
5,56,0.2829300369113664,0.009393497683898432,99.71167651877265,0.18905168027506974,8.99999842267693,46.967488419492156
5,57,0.2827725786506511,0.009338748691581382,71.00710456141141,1.376542803212511e-07,8.999726067018454,46.69374345790691
5,58,0.28380893230748544,0.009273656076592023,71.02163095096606,0.001511370488697094,0.005403610947157824,46.368280382960116
5,59,0.2828412405160676,0.009336966822371852,70.85995563890859,2.6139575816644093e-10,8.999999997839002,46.68483411185926
5,60,0.28277347697950367,0.00936976980493749,73.17383094491822,0.01107558105297747,5.438267228467293,46.84884902468745
5,61,0.28302987886230213,0.00933543524438579,81.42171144330601,0.0803936067725788,8.094607487471308,46.67717622192895
5,62,0.2829030239019647,0.00935493687856002,92.97167331582942,0.1580514826979863,8.999976810714914,46.7746843928001
5,63,0.2828327728315098,0.009334211495968069,70.78863537740132,5.319612468389704e-09,0.0001036522439044063,46.67105747984034
5,64,0.28276185166168377,0.00935126438602248,72.5086545493889,0.015612029472549986,8.99894757614977,46.75632193011239
5,65,0.28298674204730123,0.009335153089996932,84.92145164702387,0.10984862782824531,8.999997684591373,46.67576544998466
5,66,0.28310356530335684,0.009330125332086379,71.18441132289973,0.0005122402162918063,0.036162015669350546,46.6506266604319
5,67,0.2827429567430176,0.009379897175627632,71.1891293991989,5.015488782598413e-08,8.999999999947612,46.899485878138165
5,68,0.2830475572752987,0.009170986702682269,71.42320952380264,0.0014616516604049393,0.0007826021395805601,45.85493351341134
5,69,0.28286904508188376,0.009337836263278297,70.83540381985496,8.986058964747287e-16,0.00010000017402886623,46.68918131639148
5,70,0.2829752747329907,0.009356485060354915,72.75505435653061,0.001928833050665387,0.5527450053263201,46.78242530177457
5,71,0.2828876173854155,0.009341150464993089,85.92827732625794,0.09754502273960233,7.498427220714402,46.705752324965445
5,72,0.28257928374312374,0.009341609339896553,71.37718857809284,7.393422865828875e-12,8.973301475505547,46.708046699482765
5,73,0.2828238662201531,0.009325327331927237,71.90859573221627,0.0007751000061821273,0.22110466041896634,46.62663665963618
5,74,0.28288244466041323,0.009352799861431532,89.01238348461065,0.1356257609968298,8.99994954458789,46.76399930715766
5,75,0.2827426665451,0.009371493411682095,71.22239155560328,1.3851816780901619e-08,8.999999999992603,46.85746705841047
5,76,0.2827735800490293,0.00931588627702538,72.84244988592577,0.019294497183043928,8.997351760406472,46.57943138512691
5,77,0.28286613287617685,0.009335354296009716,70.75124595774516,1.9445751645350403e-09,8.999999999999998,46.67677148004858
5,78,0.2836128712157063,0.009240335801372766,71.11326517602457,0.0014075536458588644,0.013011092798038611,46.20167900686383
5,79,0.28267911014277936,0.009340309517851522,71.28188980136846,2.9860564309412184e-16,0.00010018494899308172,46.70154758925761
5,80,0.28280506310228315,0.009384064174585847,79.789202346169,0.0708262347218621,8.966441125849455,46.92032087292923
