Potential_V,local_field_h,b_value,phi_local_avg,Ising_state
0.0012328205630183,-0.31220974056882,-0.2672942979868734,0.7398106941306418,0
0.0021500273725252855,-0.3498772180612374,-0.2672942979868734,0.7191489483965648,0
0.0030672341820322706,-0.3848581638330325,-0.2672942979868734,0.7038944090277456,0
0.003984440991539257,-0.41729261634885384,-0.2672942979868734,0.6909903733444519,0
0.004901647801046242,-0.44732061407334983,-0.2672942979868734,0.6800024173142837,0
0.005818854610553227,-0.47508219547116903,-0.2672942979868734,0.6704255356141534,0
0.006736061420060213,-0.5007173990069598,-0.2672942979868734,0.6619439931246224,0
0.007653268229567198,-0.5243662631453708,-0.2672942979868734,0.6544262807718586,0
0.008570475039074182,-0.5461688263510506,-0.2672942979868734,0.6471755060273162,0
0.009487681848581168,-0.5662651270886474,-0.2672942979868734,0.6404322682527096,0
0.010404888658088153,-0.5847952038228099,-0.2672942979868734,0.6343927183385568,0
0.011322095467595139,-0.6018990950181865,-0.2672942979868734,0.6284376266308672,0
0.012239302277102125,-0.6177168391394258,-0.2672942979868734,0.6230122084454751,0
0.013156509086609109,-0.6323884746511762,-0.2672942979868734,0.6179553378704582,0
0.014073715896116095,-0.6460540400180862,-0.2672942979868734,0.6126000345250017,0
0.01499092270562308,-0.6588535737047807,-0.2672942979868734,0.6078288723879889,0
0.015908129515130067,-0.6703387238058277,-0.2672942979868734,0.6032907724823443,0
0.016825336324637053,-0.6820505844495508,-0.2672942979868734,0.5986008263549781,0
0.01774254313414404,-0.6937229423718678,-0.2672942979868734,0.5940367299105273,0
0.01865974994365102,-0.70540900147792,-0.2672942979868734,0.5896644213746286,0
0.019576956753158008,-0.7170710536232898,-0.2672942979868734,0.5852973874362394,0
0.020494163562664994,-0.7286159723563994,-0.2672942979868734,0.5808508834577649,0
0.02141137037217198,-0.7401284701803756,-0.2672942979868734,0.5764086342092507,0
0.022328577181678966,-0.7516137750413697,-0.2672942979868734,0.5723282949336924,0
0.023245783991185952,-0.7631690847265347,-0.2672942979868734,0.5681729404748248,0
0.024162990800692934,-0.7748256933010482,-0.2672942979868734,0.5642539294406007,0
0.02508019761019992,-0.7865958028010452,-0.2672942979868734,0.5596346175801851,0
0.025997404419706906,-0.7984859575071507,-0.2672942979868734,0.5552572427291809,0
0.026914611229213892,-0.8105273642622812,-0.2672942979868734,0.5507740371430915,0
0.02783181803872088,-0.8227802070047097,-0.2672942979868734,0.5464942121448285,0
0.02874902484822786,-0.835282464050627,-0.2672942979868734,0.5420350461790189,0
0.029666231657734847,-0.8480563133567554,-0.2672942979868734,0.5372448124294055,0
0.030583438467241833,-0.8610371896478114,-0.2672942979868734,0.5323205773129437,0
0.03150064527674882,-0.8743300657244979,-0.2672942979868734,0.5273342001634732,0
0.032417852086255805,-0.8880443041984358,-0.2672942979868734,0.5226901346529189,0
0.03333505889576279,-0.9021458175504291,-0.2672942979868734,0.5178042635514164,0
0.03425226570526978,-0.9166995328190661,-0.2672942979868734,0.5119748698586452,0
0.03516947251477676,-0.9316808429816348,-0.2672942979868734,0.506433316022991,0
0.03608667932428374,-0.9470259076341722,-0.2672942979868734,0.5007467138663512,0
0.03700388613379073,-0.962761900306585,-0.2672942979868734,0.4950374495441134,0
0.037921092943297714,-0.9790707082385494,-0.2672942979868734,0.48910721475361046,0
0.0388382997528047,-0.9959576307338097,-0.2672942979868734,0.4831466476377763,0
0.039755506562311686,-1.0134093727960847,-0.2672942979868734,0.47650492513683246,0
0.04067271337181867,-1.0314262811713892,-0.2672942979868734,0.4698056558230946,0
0.04158992018132566,-1.0560010367642492,-0.2672942979868734,0.4632955013473652,0
0.042507126990832644,-1.0844380873878885,-0.2672942979868734,0.45610407735477443,0
0.04342433380033963,-1.114624872126067,-0.2672942979868734,0.44898159607874316,0
0.044341540609846616,-1.1448806835880316,-0.2672942979868734,0.44097882227845847,0
0.0452587474193536,-1.173165578536145,-0.2672942979868734,0.43290976593326636,0
0.04617595422886058,-1.1983742323533053,-0.2672942979868734,0.42519712999781784,0
0.04709316103836757,-1.219120888758637,-0.2672942979868734,0.4169180577234406,0
0.048010367847874554,-1.2347517835139472,-0.2672942979868734,0.40864851616634895,0
0.04892757465738154,-1.2452250100649351,-0.2672942979868734,0.3995769950379857,0
0.049844781466888526,-1.2502115896611834,-0.2672942979868734,0.3892477011044311,0
0.05076198827639551,-1.2494870982224184,-0.2672942979868734,0.3786306194976068,0
0.0516791950859025,-1.2429828728757044,-0.2672942979868734,0.3686871185167087,0
0.052596401895409484,-1.2308129979346178,-0.2672942979868734,0.3586481908104313,0
0.05351360870491647,-1.2128551371208678,-0.2672942979868734,0.3472587907536478,0
0.054430815514423456,-1.1910982056349988,-0.2672942979868734,0.3353260076075673,0
0.055348022323930435,-1.1658366669297178,-0.16371392685204417,0.3221695912407813,0
0.05626522913343742,-1.1379375841464063,-0.06973031677784916,0.30831014213032426,0
0.05718243594294441,-1.109542162999513,0.015151293162944834,0.29510111959592006,0
0.05809964275245139,-1.0873668790262434,0.09142566389757106,0.28343491667954585,0
0.05901684956195838,-1.0694515228135808,0.15958755635326255,0.2680949796330976,0
0.059934056371465365,-1.0541052603197638,0.2201317314572525,0.2535692670757908,0
0.06085126318097235,-1.0402809315269228,0.2735529501367741,0.23591433454858537,0
0.06176846999047934,-1.0275281925086452,0.3203459733190605,0.21774657366611025,0
0.06268567679998632,-1.016021809890205,0.36100556193134486,0.2014162042348644,0
0.0636028836094933,-1.0061138969169934,0.3960264769008605,0.18468738930633108,0
0.06452009041900028,-0.9963285320011398,0.4259034791548402,0.16631013423110041,0
0.06543729722850727,-0.9868027108804325,0.45113132962051766,0.14581479099019132,0
0.06635450403801425,-0.9780889257542389,0.4722047892251255,0.12260447105021127,0
0.06727171084752125,-0.9704406257236873,0.48961861889589725,0.092800673001675,0
0.06818891765702823,-0.9650249058384573,0.5038675795600485,0.07113696328782058,0
0.06910612446653522,-0.9622674851043449,0.5108679861541813,0.04792997532236537,0
0.0700233312760422,-0.9548361164993038,0.521547952770136,0.021237268400139637,0
0.07094053808554918,-0.9417258511257582,0.5335747461486403,0.0022215999557075247,0
0.07185774489505617,-0.922720092093313,0.5454088184110651,0.03647616070279325,0
0.07277495170456315,-0.8978067805710999,0.5562945698019567,0.06507779722932844,0
0.07369215851407014,-0.866554583298191,0.5668295935222994,0.08751609280517253,0
0.07460936532357712,-0.8291396772742775,0.5766724312477298,0.10694246153979554,0
0.07552657213308411,-0.7856873479632447,0.5861740578481428,0.125263217496746,0
0.07644377894259109,-0.7368114446409632,0.595294193198228,0.14737199035761098,0
0.07736098575209809,-0.6834706498898991,0.603777836343314,0.17436648239552544,0
0.07827819256160506,-0.625956902200168,0.6116819805951328,0.18976859041870783,0
0.07919539937111206,-0.5651225604038947,0.6190855736517185,0.2034660462666575,0
0.08011260618061904,-0.5023585787824987,0.6260547698346386,0.21889521777456403,0
0.08102981299012602,-0.4393141003248683,0.6326515783493953,0.23242102226596525,0
0.08194701979963301,-0.3786955930908803,0.6391354920498944,0.2487987101766683,0
0.08286422660913999,-0.32147240282860956,0.6451334920139977,0.26252807045790777,0
0.08378143341864698,-0.2689667160877384,0.6508420999979933,0.275561360795408,0
0.08469864022815396,-0.22365910092802227,0.6562081290992734,0.2843081930179299,0
0.08561584703766095,-0.18648359563929431,0.6610869717215258,0.2947823525816797,0
0.08653305384716793,-0.15067018356996714,0.6657902425777334,0.30967854754533236,0
0.08745026065667492,-0.11662635374054812,0.6702637406539232,0.3192425173683244,0
0.0883674674661819,-0.08409852890254704,0.674557132115228,0.33051842740765447,0
0.0892846742756889,-0.053206037082973126,0.6786297332478546,0.33748529994849613,0
0.09020188108519588,-0.024816299253344217,0.6823326201224724,0.3442661024503753,0
0.09111908789470285,0.0018394525032931028,0.6857767044761174,0.35575695455376755,1
0.09203629470420985,0.028490728415728098,0.68924451384294,0.36417330025841105,1
0.09295350151371683,0.053827298708090165,0.6925369793726013,0.37057614185333,1
0.09387070832322382,0.07800365971185338,0.6956793646379646,0.3767266024259956,1
0.0947879151327308,0.10059019699044892,0.69858926338497,0.38226458346707165,1
0.09570512194223779,0.12208298441852976,0.7013701143694109,0.38892011604458315,1
0.09662232875174477,0.1425182872566121,0.704001020277776,0.39841840174886783,1
0.09753953556125176,0.16270589984529468,0.706625266937133,0.4004441602914124,1
0.09845674237075874,0.182235310702624,0.7091760986826561,0.4050166820760029,1
0.09937394918026572,0.19969300064367318,0.7113744501951336,0.41197225965052703,1
0.10029115598977272,0.21608380592005993,0.7134121286673419,0.41812501990881407,1
0.1012083627992797,0.232234043270206,0.7154434170686345,0.42604100144163093,1
0.10212556960878669,0.24765387444000272,0.717393242233736,0.42855096071733856,1
0.10304277641829367,0.26293451743237306,0.7193455875021146,0.42913612177610877,1
0.10395998322780066,0.27723228933464455,0.721145605127478,0.435957562017582,1
0.10487719003730764,0.2901897286162083,0.7227272371118769,0.4434753104970966,1
0.10579439684681463,0.30268491369209305,0.7242340114863745,0.4464552683138272,1
0.10671160365632161,0.31506151220092643,0.7257700725811665,0.449819075873176,1
0.1076288104658286,0.32702598934903676,0.7272663577905019,0.45028619058412894,1
0.10854601727533558,0.338546304368344,0.7287116709192938,0.4563899498237096,1
0.10946322408484256,0.34911250582637804,0.7299924963216123,0.4579960389339755,1
0.11038043089434955,0.35878977827230657,0.7311488965538675,0.46374025423735804,1
0.11129763770385653,0.3683985573233881,0.7323300621814556,0.46175176784275124,1
0.11221484451336353,0.3772045497151902,0.7333609188878262,0.46220496555694907,1
0.1131320513228705,0.3854230311788712,0.734325445360837,0.4699256713862538,1
0.1140492581323775,0.3933164940665694,0.7352594645408541,0.47273509848570366,1
0.11496646494188448,0.4008729641590719,0.7361529743101857,0.4750933101393368,1
0.11588367175139147,0.4083945697034924,0.7370634680749989,0.4769882772754174,1
0.11680087856089845,0.4150366514360052,0.7378339227771079,0.47663648383166185,1
0.11771808537040544,0.42048911083047,0.7384244737171843,0.478533653413258,1
0.11863529217991242,0.4261732063671638,0.7390594400603755,0.4831342951359953,1
0.1195524989894194,0.43206932277235494,0.7397430158895545,0.48728335098485354,1
0.1204697057989264,0.4377852689544768,0.7404279497155417,0.48700315332818783,1
0.12138691260843337,0.44306375810415843,0.7410416385680507,0.48671128740118735,1
0.12230411941794037,0.4472257824601323,0.7414667891305471,0.4859717535636568,1
0.12322132622744734,0.4514885191402376,0.7419385268569699,0.4882265729221031,1
0.12413853303695434,0.45551594468006507,0.742375867458032,0.49185216890689026,1
0.12505573984646132,0.45972798807880977,0.7428363943106364,0.4934937594014979,1
0.1259729466559683,0.46303379088667307,0.7431653633938066,0.49342982516430994,1
0.1268901534654753,0.4652710795006917,0.743333692401325,0.49357749570817844,1
0.12780736027498227,0.46812433330426356,0.7436203077183366,0.4940932801630497,1
0.12872456708448926,0.47088660222207335,0.7439050769880788,0.49440194181830804,1
0.12964177389399625,0.47329953193059293,0.7441247942375286,0.4951475241794668,1
0.13055898070350322,0.47541948260028527,0.7443188731912108,0.4975731337018336,1
0.1314761875130102,0.47693759147223813,0.7444190734309469,0.5004115267246441,1
0.1323933943225172,0.47791474240643994,0.744437957993991,0.4987989739882166,1
0.1333106011320242,0.4789595385289347,0.7444740801754949,0.4986612579329133,1
0.13422780794153116,0.48028031617881883,0.7445756146453438,0.4971542429168392,1
0.13514501475103816,0.48157235135042686,0.744663231578822,0.49786568383793917,1
0.13606222156054515,0.48253515402850233,0.7447112840564912,0.5010570054088556,1
0.13697942837005214,0.4829965645690553,0.7446670413830696,0.5014532608535133,1
0.1378966351795591,0.48318672614379077,0.7445832163718478,0.4999707758301642,1
0.1388138419890661,0.4833433395740801,0.7445165474905191,0.4994380346751565,1
0.1397310487985731,0.4836256923075829,0.744442499351033,0.49909768449077613,1
0.14064825560808006,0.4841692893055827,0.7444250699024866,0.5016928970314469,1
0.14156546241758705,0.48436103499905514,0.7443755427067954,0.4995703948018005,1
0.14248266922709404,0.4839002260877269,0.744210339192003,0.49844592657698533,1
0.14339987603660104,0.48294255222557003,0.7439726685023067,0.4990517072753535,1
0.144317082846108,0.4817302769936246,0.7436870010542245,0.49912449615252763,1
0.145234289655615,0.4809036000817106,0.7434683807673603,0.49894962255736375,1
0.146151496465122,0.4805743457226639,0.7433499570913242,0.5004470730851862,1
0.14706870327462898,0.4797914537230411,0.7431702163943087,0.5011182238796782,1
0.14798591008413595,0.47860851194817017,0.7429176955107034,0.5009922927028834,1
0.14890311689364294,0.47685873710396,0.7425606341004889,0.4987538558105271,1
0.14982032370314993,0.4746918289481248,0.7421574915881523,0.4979309291076865,1
0.1507375305126569,0.4729831994799336,0.7418486022779981,0.4971623316306462,1
0.1516547373221639,0.47168360048212066,0.7416055674446816,0.4976506205984905,1
0.15257194413167088,0.4698109607285871,0.7412686129667153,0.4988077474575792,1
0.15348915094117788,0.4676016664457135,0.7409059693009725,0.49752532115154596,1
0.15440635775068484,0.4651488606034403,0.7404907501203143,0.4926961808404194,1
0.15532356456019183,0.46301753360623044,0.74011554696585,0.4916430078304879,1
0.15624077136969883,0.46073516577316787,0.7397304386646223,0.4935642337758857,1
0.15715797817920582,0.45833380169288657,0.7393342946048048,0.4947926867228321,1
0.15807518498871279,0.4557084224689074,0.7389265370430402,0.49504348427795847,1
0.15899239179821978,0.4525902520598034,0.73842850594827,0.4923630918635951,1
0.15990959860772677,0.4493708590830904,0.7379026033056435,0.48925208247069535,1
0.16082680541723374,0.4466723919804019,0.7374576668311477,0.48851799903019044,1
0.16174401222674073,0.4442065473560909,0.7370651500888235,0.48869262202991187,1
0.16266121903624772,0.4416149832488462,0.7366471153340198,0.4888018685268009,1
0.16357842584575472,0.43862152904044716,0.7361801561068276,0.490371249443879,1
0.16449563265526168,0.43562287252799714,0.7357001170244941,0.48864962291665986,1
0.16541283946476867,0.43264490362270547,0.7352187884474762,0.4843346939068403,1
0.16633004627427567,0.4296690542647061,0.7347596420721199,0.4850593074031437,1
0.16724725308378266,0.4268463076601316,0.7343171386324152,0.4850936968040816,1
0.16816445989328963,0.4239562508537907,0.7338685020323599,0.48475598343227116,1
0.16908166670279662,0.4205327564251426,0.7333281871410249,0.4836640710524501,1
0.1699988735123036,0.4169016050454548,0.7327441026609522,0.48130415226186624,1
0.17091608032181058,0.4132332885133916,0.7321609306411833,0.4787169093028553,1
0.17183328713131757,0.40967972807369646,0.7315917138648284,0.4784700017851056,1
0.17275049394082456,0.4064370928207921,0.7310724564274913,0.4804589433431714,1
0.17366770075033156,0.40302037161473897,0.7305502234859997,0.4799216886410482,1
0.17458490755983852,0.3990857350375679,0.7299264125649889,0.4765019057393542,1
0.1755021143693455,0.39498428560126814,0.7292761928508714,0.4743542860048438,1
0.1764193211788525,0.3910210177769663,0.728661041090478,0.47433036646779375,1
0.1773365279883595,0.3869651696026755,0.7280496878137235,0.4743764227755656,1
0.17825373479786646,0.38320968263722105,0.7274787749660389,0.4725540716557172,1
0.17917094160737346,0.3791711593890804,0.7268522497462255,0.47028247111458743,1
0.18008814841688045,0.37471633055700626,0.7261558481079522,0.46950363547570645,1
0.18100535522638742,0.3704805893277532,0.725502941055874,0.4688104329422589,1
0.1819225620358944,0.3663096636278892,0.7248413805146839,0.46761382184257577,1
0.1828397688454014,0.36198078064309025,0.7241648378335712,0.46542441573847554,1
0.1837569756549084,0.35757516049982263,0.7234854018126209,0.46357023668505604,1
0.18467418246441536,0.3528430142848549,0.7227497951386465,0.46391696929665266,1
0.18559138927392235,0.3479189457620185,0.7219769855061273,0.4635579339353562,1
0.18650859608342935,0.3426195878945702,0.7211574470484986,0.4612109740764221,1
0.1874258028929363,0.3377374898508263,0.7204083088651728,0.45904294128392914,1
0.1883430097024433,0.33282128586968446,0.7196559961950354,0.4582721378088251,1
0.1892602165119503,0.32781168777486347,0.7188910666508453,0.4569890237752014,1
0.1901774233214573,0.32259317164794643,0.7181023896498807,0.4543031810895088,1
0.19109463013096425,0.31734013363252805,0.7173259956684134,0.4534511268753336,1
0.19201183694047125,0.31192690786604294,0.7165055430011669,0.45170763122349505,1
0.19292904374997824,0.3063671491543154,0.7156634184877141,0.45148872143842667,1
0.19384625055948523,0.3008190271939977,0.7148462711559099,0.4490263521211805,1
0.1947634573689922,0.2951902509678511,0.7139900670416353,0.4461986763665466,1
0.1956806641784992,0.2891920384281451,0.7130749068750348,0.443990639054532,1
0.19659787098800618,0.2831203991950344,0.7121521988754006,0.44343405476423525,1
0.19751507779751315,0.2770436143303821,0.7112364615083321,0.4417262061196139,1
0.19843228460702014,0.27089292438201207,0.7103173762270594,0.44041598004020654,1
0.19934949141652714,0.2647585866249362,0.7094021631097421,0.43718814693487795,1
0.20026669822603413,0.2584313035122193,0.7084571579297346,0.437646998687056,1
0.2011839050355411,0.2520482854762134,0.7075153839689514,0.43526366230193,1
0.2021011118450481,0.24553451518158975,0.7065382488816155,0.4343938610356011,1
0.20301831865455508,0.23899676526687494,0.705568930277911,0.4305856934042899,1
0.20393552546406207,0.23249533462537647,0.7046008775164845,0.4279103682195146,1
0.20485273227356904,0.22545459837810428,0.7035286843531843,0.42599506426430517,1
0.20576993908307603,0.2185474659051569,0.7024830476136166,0.42572009419323836,1
0.20668714589258302,0.21157534512652018,0.701437289199673,0.423880490996068,1
0.20760435270209,0.20477383029909677,0.700418916288093,0.4197730426994384,1
0.20852155951159698,0.19746594768391598,0.6993172464802202,0.4173627666190855,1
0.20943876632110398,0.18987014207875932,0.6981686534284223,0.4177477638946597,1
0.21035597313061097,0.18231865750795473,0.6970358816580008,0.4159230586744207,1
0.21127317994011793,0.1747904851338912,0.6958988320825735,0.41223047964532844,1
0.21219038674962493,0.16706434385346122,0.6947014393453796,0.4087082772122825,1
0.21310759355913192,0.15934349702543002,0.6934755628612472,0.4066940270939392,1
0.2140248003686389,0.15135171908219014,0.6921819522681569,0.40633263867694874,1
0.21494200717814588,0.1437780211796117,0.6909180321116306,0.40306149514942785,1
0.21585921398765287,0.13648242090059992,0.6896611601084207,0.40001258690566077,1
0.21677642079715986,0.1294874818573457,0.688426260094673,0.3973890772576987,1
0.21769362760666683,0.1225822544163189,0.6871986004681394,0.39371787624766563,1
0.21861083441617382,0.11584516204122058,0.6859795207868972,0.39288304717598094,1
0.21952804122568081,0.10949468378437707,0.6848309481562043,0.38875202279001314,1
0.2204452480351878,0.10400497103894686,0.6838641269372363,0.38475478044961076,1
0.22136245484469477,0.09821519827839847,0.6828859962021847,0.38027982287914136,1
0.22227966165420177,0.09231054015784096,0.6819419035502967,0.3787452151787262,1
0.22319686846370876,0.0852933464672925,0.6808896695558466,0.375067826094654,1
0.22411407527321575,0.06728810004742275,0.6795770282502348,0.36869802281357505,1
0.22503128208272272,0.032627094574938335,0.6776919033208796,0.36365414428231785,1
0.2259484888922297,-0.01430088313826414,0.6748479732838004,0.3591994923028614,0
0.2268656957017367,-0.06993510362160482,0.6706758336911256,0.3535723784302949,0
0.22778290251124367,-0.1315065119346928,0.6649411767559525,0.34755295920410073,0
0.22870010932075066,-0.19655622392437078,0.6573689633775599,0.33936044183911845,0
0.22961731613025765,-0.263792322934317,0.6476729517627112,0.3280235832519461,0
0.23053452293976465,-0.33188416127351744,0.6356896532672144,0.31580043883559594,0
0.2314517297492716,-0.3997661681665481,0.6213966204499246,0.29885925338107683,0
0.2323689365587786,-0.4667617129553786,0.6048320060400927,0.27734358779644636,0
0.2332861433682856,-0.5317131053543195,0.5862015610598041,0.24821173043847358,0
0.2342033501777926,-0.5943130281878305,0.5655890385731286,0.2083046828617802,0
0.23512055698729956,-0.653871414524522,0.5432123404004612,0.16495316761611206,0
0.23603776379680655,-0.7098743767507361,0.5193784862603771,0.10411054965452742,0
0.23695497060631354,-0.7612475031441908,0.4945020565085011,0.03534276909457958,0
0.2378721774158205,-0.8075366002826468,0.4688881950796612,0.0383194581762434,0
0.2387893842253275,-0.8484324039460844,0.4428246826735204,0.0971529630830585,0
0.2397065910348345,-0.8831867928131416,0.4167575295592241,0.14186169744342889,0
0.24062379784434149,-0.9111446845446094,0.39115166535570084,0.175363361631468,0
0.24154100465384845,-0.9319364180971025,0.36642315401085546,0.20161838283002864,0
0.24245821146335544,-0.9451809598601693,0.34301720643302946,0.2209066755433505,0
0.24337541827286244,-0.9508580499697592,0.3213349479295025,0.23517988956259875,0
0.24429262508236943,-0.9492692748625111,0.3017529970109606,0.2453589371823832,0
0.2452098318918764,-0.9406277245431213,0.2846665909262239,0.25273341585386594,0
0.2461270387013834,-0.925901065599036,0.2703695831816142,0.2581083302689884,0
0.24704424551089038,-0.9063507699961187,0.2591413785872663,0.2617615541209402,0
0.24796145232039735,-0.8840140346975003,0.25111683491325537,0.2638057294142113,0
0.24887865912990434,-0.861841878557736,0.2462610686552309,0.26438331223118083,0
0.24979586593941133,-0.8423177823509646,0.24468608451700977,0.2641096011779544,0
0.25071307274891835,-0.8304497109705133,0.24606400131390152,0.2629671796004301,0
0.2516302795584253,-0.8307316112387307,0.2502276722585929,0.2607737655308635,0
0.25254748636793234,-0.842955824875681,0.25691776009468525,0.2572902743629811,0
0.2534646931774393,-0.861727527235971,0.26587300776170164,0.25283259681708037,0
0.25438189998694627,-0.884698757877627,0.2768526032061377,0.24737456227767993,0
0.2552991067964533,-0.9096147915471982,0.28968557702606157,0.2407465572292773,0
0.25621631360596026,-0.9342123417708433,0.3041462323490253,0.2328922180651087,0
0.2571335204154672,-0.9566989852440799,0.32011457639085034,0.22360753242595724,0
0.25805072722497424,-0.9755281796227289,0.33745976199340266,0.2125619227664591,0
0.2589679340344812,-0.9892755922296379,0.3561050396899877,0.1996397189777065,0
0.25988514084398817,-0.9967244085346927,0.3759327367657567,0.18467869228726327,0
0.2608023476534952,-0.9968396954892473,0.3967893979178109,0.16731104859357718,0
0.26171955446300216,-0.9887608310033872,0.41852196719025075,0.14696889990526119,0
0.2626367612725092,-0.9725103910550044,0.44087029817303064,0.122599097264028,0
0.26355396808201614,-0.9479993771936946,0.4636369893836338,0.09358032013331674,0
0.2644711748915231,-0.9140959958513473,0.4867302335101929,0.05893573464615592,0
0.26538838170103013,-0.8697368691395615,0.510061091250119,0.017363044463536963,0
0.2663055885105371,-0.8163364197906406,0.5332390924907013,0.03044505124824587,0
0.26722279532004406,-0.7537671280920525,0.5561796938902388,0.07756064007748771,0
0.2681400021295511,-0.6823971451046482,0.5787081545924466,0.1233611613064149,0
0.26905720893905805,-0.6033809312180382,0.6005419082571667,0.16656321483086375,0
0.269974415748565,-0.5178016748222984,0.6214441208683363,0.2068230431456494,0
0.27089162255807203,-0.426766915401083,0.6412486640913032,0.2442919674595446,0
0.271808829367579,-0.3309447188910869,0.6599784010119155,0.27944908159951015,0
0.272726036177086,-0.23203071841863535,0.6774282231406512,0.31133059511337974,0
0.273643242986593,-0.13157307402500065,0.6934969353156185,0.3402407128598682,0
0.27456044979609995,-0.031131522081994635,0.7081293130701676,0.3662098582564834,0
0.27547765660560697,0.06743725038955009,0.721280951304716,0.38889989514254736,1
0.27639486341511393,0.16213847357269595,0.7329564763934784,0.41403924159586714,1
0.2773120702246209,0.2506535606775267,0.7432138333264049,0.44061974625608363,1
0.2782292770341279,0.33025217512461896,0.7521157915056844,0.45976900151167494,1
0.2791464838436349,0.3977796540249713,0.7597408928233733,0.46840265040091383,1
0.28006369065314185,0.44965405403194647,0.7661944064893563,0.4837931921661349,1
0.28098089746264887,0.4916917279189603,0.7716509630197924,0.49365762757047066,1
0.28189810427215584,0.528539661063369,0.7762259572155177,0.49998051746307753,1
0.28281531108166286,0.5611134373645223,0.7800827454656549,0.507800864095162,1
0.2837325178911698,0.5902693781436439,0.7833788907725749,0.5162581619522278,1
0.2846497247006768,0.6166275720505949,0.7862250512317244,0.5250741957466386,1
0.2855669315101838,0.6409667587458017,0.7887657700956754,0.5295371304371637,1
0.2864841383196908,0.6641609885205864,0.7911495141862944,0.53601937345831,1
0.28740134512919774,0.6867418462488688,0.7934663719778199,0.5430465380220559,1
0.28831855193870476,0.7093495213575773,0.7958151016341117,0.5498138943536802,1
0.2892357587482117,0.7325715872266353,0.7982803927806956,0.5573500224513388,1
0.2901529655577187,0.7566961052629324,0.800892605547944,0.5651947602453923,1
0.2910701723672257,0.7828340787382777,0.8038160538065948,0.5732350154664562,1
0.2919873791767327,0.8122103122686486,0.8072231777083362,0.5822126605881799,1
0.2929045859862397,0.8445622665803165,0.8110578258398948,0.5925864759045052,1
0.29382179279574666,0.8788557736260838,0.8151646754306119,0.6040438959248434,1
0.2947389996052536,0.9164360114498586,0.8197388887357979,0.6145317816072913,1
0.29565620641476065,0.9567326841804501,0.824666301023896,0.6268121790720471,1
0.2965734132242676,0.9992497512502208,0.8298491567231189,0.6399363417441858,1
0.2974906200337746,1.044352524308925,0.835340120843804,0.6532436610091508,1
0.2984078268432816,1.0919668690156716,0.8411626733689338,0.6681245423813763,1
0.29932503365278856,1.141995075167781,0.8473023006297076,0.6834422725488731,1
0.30024224046229553,1.1935469215698629,0.8535294331563608,0.6988131543670729,1
0.30115944727180255,1.2465720503923974,0.8598628215980166,0.7153839810012794,1
0.3020766540813095,1.3005908043530574,0.8662306909926224,0.7320687080525993,1
0.30299386089081654,1.3549043245768038,0.8725246400564576,0.7484617801303926,1
0.3039110677003235,1.4092103843151706,0.8787033355105585,0.7655588396791323,1
0.30482827450983047,1.4629571298596578,0.8846934722152133,0.7829268228985743,1
0.3057454813193375,1.515123207002075,0.8903354067477335,0.7992583786960274,1
0.30666268812884445,1.565433904203993,0.8955990524912808,0.8156975723739404,1
0.3075798949383514,1.6130635241901439,0.9003800230374658,0.8319292476252613,1
0.30849710174785844,1.6573763264848116,0.9046040421438306,0.8461832019700654,1
0.3094143085573654,1.6974505194896254,0.9081431380654639,0.8602512196034257,1
0.31033151536687237,1.7327975559269928,0.9109422752393087,0.873734269379325,1
0.3112487221763794,1.7626595097389992,0.9129172279278693,0.8840465350776482,1
0.31216592898588635,1.7865282187912692,0.9140175492271909,0.893064730181906,1
0.3130831357953934,1.803807718213982,0.9141814749756887,0.900205024787994,1
0.31400034260490034,1.8140122714180476,0.9133600623286633,0.9053545309282249,1
0.3149175494144073,1.817023014319139,0.9115673469969988,0.907297945596344,1
0.3158347562239143,1.8123631032137033,0.908749008328509,0.9073971943796413,1
0.3167519630334213,1.7999828225968264,0.9049259040799156,0.9060737153103128,1
0.31766916984292826,1.7796012031891748,0.900074619364678,0.900737804502889,1
0.3185863766524353,1.7512314323751457,0.8942143192173156,0.8919771506125977,1
0.31950358346194224,1.7151608610510756,0.8874060041386411,0.8830534617162716,1
0.3204207902714492,1.6714543976791054,0.8796704429757755,0.8688932193351189,1
0.32133799708095623,1.6205694232692893,0.8710859918269308,0.853932324660171,1
0.3222552038904632,1.5626920436202578,0.8616967917907443,0.8368422338683538,1
0.3231724106999702,1.4983025848301372,0.8515638885231608,0.8178082847180833,1
0.3240896175094772,1.4279392550079821,0.840773745150645,0.7964157179502322,1
0.32500682431898414,1.3522927945590861,0.82942576707977,0.7743812145725583,1
0.32592403112849117,1.2718135075517865,0.8175824054835543,0.7496701299189512,1
0.32684123793799813,1.1867789288252153,0.805267150472055,0.7251573940145905,1
0.3277584447475051,1.0983713410652152,0.7926582111691238,0.7000396554929726,1
0.3286756515570121,1.006913612564036,0.7797816185470103,0.671521964896792,1
0.3295928583665191,0.9137474164727728,0.7669066376949301,0.6442574647982862,1
0.33051006517602605,0.8193693866707533,0.7540992550280239,0.6151439846348371,1
0.33142727198553307,0.7230909124542634,0.7410193513757738,0.5865059740606894,1
0.33234447879504003,0.624668652715869,0.7275627969639733,0.5584853599328985,1
0.33326168560454705,0.5261097670098046,0.7142153390525987,0.5295109038704884,1
0.334178892414054,0.4284894803994437,0.7011138678187925,0.5006806900712439,1
0.335096099223561,0.3312921693369627,0.6881617437949298,0.4711042285342568,1
0.336013306033068,0.2355438419057428,0.675500077497471,0.4436872088580163,1
0.33693051284257497,0.14136190136642768,0.6631316494293609,0.41531722163982226,1
0.33784771965208193,0.049269002981019605,0.6511175217173764,0.387922632775821,1
0.33876492646158896,-0.04091019122209272,0.6394186760313235,0.36103198145686705,0
0.3396821332710959,-0.1285746796624137,0.6281189606326216,0.33417111417956114,0
0.3405993400806029,-0.2138172873439152,0.6171826682931735,0.3112536004945626,0
0.3415165468901099,-0.29619780422236447,0.6066737474284842,0.2852004156473233,0
0.34243375369961687,-0.37577006347612557,0.596571224933194,0.26241279846082993,0
0.3433509605091239,-0.4550448910201028,0.5868340345468125,0.23336167077498926,0
0.34426816731863086,-0.5332231724634205,0.5775430490790704,0.20449255518766493,0
0.3451853741281378,-0.6098749833879473,0.5687465421282004,0.1869645596377726,0
0.34610258093764484,-0.6857789554138441,0.5608404220771795,0.17716659317554187,0
0.3470197877471518,-0.7575270492488875,0.5533434622736703,0.15770143829073582,0
0.3479369945566588,-0.8189906221693168,0.5449273434682025,0.13726165313974906,0
0.3488542013661658,-0.8760970234909222,0.5369621478499307,0.1217911026031394,0
0.34977140817567276,-0.9285301005092013,0.5293878878221334,0.10363628652293898,0
0.3506886149851797,-0.9757438734359265,0.5222149620492501,0.08771237976077127,0
0.35160582179468675,-1.0175589041660866,0.5154080689171555,0.07063587161316313,0
0.3525230286041937,-1.053712391188627,0.5089270209869494,0.05677587833784511,0
0.35344023541370073,-1.084395792720208,0.5027791287388156,0.041689766695785384,0
0.3543574422232077,-1.1097222235490969,0.4969149459147782,0.027811293709340896,0
0.35527464903271466,-1.129312137508011,0.49137267279982466,0.013424405025111318,0
0.3561918558422217,-1.143946282269697,0.48607063765581143,0.0014982607853347722,0
0.35710906265172865,-1.1534629330897115,0.4810222459063813,0.010311404872144011,0
0.3580262694612356,-1.1592826878273659,0.47595334274735157,0.022791530233526116,0
0.35894347627074263,-1.1621187464929084,0.4707067291437478,0.0388599185172505,0
0.3598606830802496,-1.161006502260808,0.4656618200030251,0.07146951434420537,0
0.36077788988975656,-1.1551610392697518,0.4611453598447182,0.08821457191047222,0
0.3616950966992636,-1.146241097042066,0.45682713081238746,0.05624125734842783,0
0.36261230350877055,-1.1372353252846568,0.45328389213884557,0.0651308998203151,0
0.3635295103182775,-1.1270873753018853,0.45042564114375594,0.07291613097341575,0
0.36444671712778454,-1.115926456026498,0.44799411747556844,0.08021194084121797,0
0.3653639239372915,-1.097011055206848,0.4430579469926339,0.08728873156520099,0
0.3662811307467985,-1.0766259768589594,0.4377728919030416,0.09314701519035874,0
0.3671983375563055,-1.057183658344786,0.43282303257604193,0.09979679424929817,0
0.36811554436581245,-1.0395618338374184,0.42814947392397146,0.10568747908069863,0
0.3690327511753195,-1.0243638170423823,0.4237507433673314,0.11078480017191887,0
0.36994995798482644,-1.0124965615927473,0.4195972722690121,0.11624138501462117,0
0.3708671647943334,-1.0044527907713243,0.4157184877738458,0.12070689449328982,0
0.3717843716038404,-0.9978572324902361,0.41210917065052477,0.12531079876159137,0
0.3727015784133474,-0.9920917393343643,0.40872176462631754,0.12963107433821178,0
0.37361878522285435,-0.9863191334123912,0.4053961188372758,0.1334848419016663,0
0.3745359920323614,-0.9775759497645999,0.4014991269654121,0.13775564363508394,0
0.37545319884186834,-0.9671002401040709,0.39722480508858915,0.14246637115373617,0
0.37637040565137536,-0.9618845987386637,0.3941597504226721,0.16553209239078354,0
0.3772876124608823,-0.9570528888420694,0.39127293526535245,0.18626045896274732,0
0.3782048192703893,-0.9525033675948757,0.3885749185146931,0.20474307662247934,0
0.3791220260798963,-0.9481019523661699,0.3860694628457323,0.16394668904713386,0
0.3800392328894033,-0.9441132568427464,0.38374716206077797,0.15390375012287202,0
0.38095643969891024,-0.9407341510908622,0.3816326116125231,0.15735364069033958,0
0.38187364650841726,-0.9377641913031758,0.3796741776451479,0.1605447083992091,0
0.38279085331792423,-0.9352459041829981,0.3778786232081033,0.16338687333891927,0
0.3837080601274312,-0.9332377340775113,0.37625958669013565,0.16618165467719553,0
0.3846252669369382,-0.9316325933478895,0.374786775699788,0.16871855129213076,0
0.3855424737464452,-0.9305530930071314,0.3734966056597222,0.17125362505910427,0
0.3864596805559522,-0.9299257302563887,0.3723691228117247,0.1737464720914663,0
0.38737688736545917,-0.9297377797012012,0.37140147279889907,0.17563744207065315,0
0.38829409417496613,-0.9300439384318275,0.3706088722811015,0.17761097598185108,0
0.38921130098447315,-0.930791165722729,0.3699556756402448,0.17962503910936267,0
0.3901285077939801,-0.9319462637457608,0.36942061611798443,0.18163494695644836,0
0.3910457146034871,-0.9304671359600096,0.3680853867388453,0.18334176742349062,0
0.3919629214129941,-0.9258683572611823,0.3656183209285756,0.1849483094053026,0
0.39288012822250107,-0.9176103881588314,0.3616099423943001,0.18664304927054742,0
0.39379733503200803,-0.914044810271571,0.3594307490045472,0.18829275004642235,0
0.39471454184151505,-0.9122108987744313,0.3577707030016819,0.18999594167228742,0
0.395631748651022,-0.9105647405997477,0.3561725187275395,0.19136707412174636,0
0.39654895546052904,-0.9091261776967436,0.35465000903578353,0.19271609972433348,0
0.397466162270036,-0.9078826381407538,0.35320115915738914,0.1939801755667628,0
0.39838336907954297,-0.9067735078211382,0.3518076165122598,0.195058656710789,0
0.39930057588905,-0.9058055552773154,0.3504806233187826,0.19634181790834568,0
0.40021778269855696,-0.9049188971428945,0.34920651041608997,0.19746273937208617,0
0.4011349895080639,-0.9040887932235933,0.34799128099973564,0.198452240739045,0
0.40205219631757094,-0.9033046298838633,0.3468373019156948,0.19949288485306685,0
0.4029694031270779,-0.902572317987794,0.3457677378944929,0.20029049062452572,0
0.4038866099365849,-0.9017898803773869,0.3447565463188581,0.201225070387947,0
0.4048038167460919,-0.9009321035017621,0.34381062777363175,0.20163316137608867,0
0.40572102355559886,-0.900079515599219,0.34295287734830954,0.20249859264269834,0
0.4066382303651059,-0.8992663976411348,0.34216505384718965,0.20328194727328253,0
0.40755543717461284,-0.8986296511657257,0.3414495930066334,0.20381628690425557,0
0.4084726439841198,-0.8980679167328313,0.340806264334386,0.20418956734091576,0
0.40938985079362683,-0.8975149954196996,0.34021958217945303,0.20462797920325917,0
0.4103070576031338,-0.897019958058066,0.33971302762548816,0.20526956027224116,0
0.41122426441264076,-0.8965773058668196,0.33928693394175774,0.2057759509896396,0
0.4121414712221478,-0.8962121370928712,0.33895491821328366,0.20604258097344352,0
0.41305867803165475,-0.8959268455601425,0.3387174274323127,0.20634558529038374,0
0.4139758848411617,-0.8956904204191187,0.3385646290849551,0.20647942734802968,0
0.41489309165066873,-0.8954910029962101,0.338488991270776,0.20672258155555268,0
0.4158102984601757,-0.895364446939241,0.3385065233616036,0.20653201486871176,0
0.4167275052696827,-0.8952950507562084,0.3386092022843155,0.2067087366606616,0
0.4176447120791897,-0.8952695136050458,0.338788343317598,0.2064702479110866,0
0.41856191888869665,-0.895272072912059,0.3390352712474482,0.20637116997949778,0
0.41947912569820367,-0.895358782302465,0.3393725168242079,0.20640133502073663,0
0.42039633250771063,-0.8954797847444937,0.33977417520158226,0.20601965447002982,0
0.4213135393172176,-0.8956234113780692,0.34023189975764195,0.20571708564918564,0
0.4222307461267246,-0.8957945199904183,0.3407419557832703,0.20536382034207046,0
0.4231479529362316,-0.8960165382544666,0.34130908267637367,0.20482019196025678,0
0.42406515974573855,-0.8962666775345907,0.3419167668197797,0.2043487904773792,0
0.42498236655524557,-0.8965223831524682,0.3425477316042316,0.20384974926484847,0
0.42589957336475254,-0.8967610297760148,0.34318495132281013,0.2035343181005765,0
0.42681678017425956,-0.8969905344716764,0.3438262391694687,0.20311532477382843,0
0.4277339869837665,-0.8971984889272566,0.34445960239824724,0.2027615184912396,0
0.4286511937932735,-0.897393404815765,0.3450825259016614,0.20225769893101064,0
0.4295684006027805,-0.8975617984092561,0.3456815720998309,0.20198699925133023,0
0.4304856074122875,-0.8977378503971045,0.3462671599901279,0.20179319743239166,0
0.43140281422179444,-0.8978305352092544,0.34679222209659916,0.2013986045255299,0
0.43232002103130146,-0.8979345878587457,0.34729098742934994,0.2011144446794618,0
0.4332372278408084,-0.8980167963793719,0.3477449407381765,0.2007886684526301,0
0.4341544346503154,-0.8980032443875959,0.3481132107064617,0.20066377938391702,0
0.4350716414598224,-0.8979514441912889,0.34841732074559806,0.20057041602118417,0
0.4359888482693294,-0.8978592410624006,0.34865214679219536,0.20041878806350322,0
0.4369060550788364,-0.8977294312858741,0.34881444226965186,0.20038516787664826,0
0.43782326188834336,-0.8975809535511439,0.34890968020990776,0.20034047273813663,0
0.4387404686978503,-0.8973998827137254,0.34892738670913576,0.20052150890767997,0
0.43965767550735735,-0.8971712883705167,0.34885614080213834,0.2006351773375272,0
0.4405748823168643,-0.8968767178104685,0.348683535890965,0.2007508752791157,0
0.4414920891263713,-0.896531292165148,0.3484145166120197,0.20097666776220477,0
0.4424092959358783,-0.8961289312352769,0.34804225813086,0.20126893380039182,0
0.44332650274538526,-0.8956844059989287,0.3475703697881977,0.20176564720677045,0
0.44424370955489223,-0.8951623181657257,0.34697883166467053,0.20227625779616798,0
0.44516091636439925,-0.8945514513240441,0.3462591136844278,0.20261783705803302,0
0.4460781231739062,-0.8939196631197595,0.34543923124104264,0.20341394973256732,0
0.44699532998341324,-0.8932407573466971,0.34450430687658995,0.20429225112360125,0
0.4479125367929202,-0.8925159575494874,0.343451463778888,0.20496056153755662,0
0.44882974360242717,-0.891746487272728,0.34227782513574245,0.2057886437158332,0
0.4497469504119342,-0.8909335700610165,0.3409805141349589,0.206802721915859,0
0.45066415722144115,-0.8900784294589503,0.33955665396434287,0.20794406407665336,0
0.4515813640309481,-0.8891822890111273,0.3380033678117001,0.20917050061085618,0
0.45249857084045514,-0.8882463722621449,0.33631777886483616,0.21047125259583746,0
0.4534157776499621,-0.8872719027566007,0.33449701031155665,0.21171192394852775,0
0.45433298445946907,-0.8862601040390924,0.3325381853396673,0.213075210780735,0
0.4552501912689761,-0.8852121996542175,0.3304384271369736,0.21454539349571275,0
0.45616739807848306,-0.8841294131465737,0.32819485889128125,0.21612266331793184,0
0.4570846048879901,-0.8830129680607586,0.3258046037903959,0.21771966570211954,0
0.45800181169749704,-0.8818640879413696,0.3232647850221231,0.21931743370456458,0
0.458919018507004,-0.8806839963330046,0.3205725257742685,0.22097308149717856,0
